City,ST,Cnty,lat,lon
Gold Beach, OR, USA,42.407333,-124.421776
Coos Bay, OR, USA,43.366501,-124.217888
Crescent City, CA, USA,41.755749,-124.202591
Florence, OR, USA,43.98262,-124.099838
Reedsport, OR, USA,43.702339,-124.096779
Arcata, CA, USA,40.866516,-124.08284
Waldport, OR, USA,44.426785,-124.068733
Agness,OR, USA,42.556889,-124.063309
Newport, OR, USA,44.636784,-124.053452
Lincoln City, OR, USA,44.958164,-124.017891
Gasquet, CA, USA,41.845482,-123.969505
Manzanita, OR, USA,45.718441,-123.935135
Seaside, OR, USA,45.993164,-123.922638
Astoria, OR, USA,46.18758,-123.834114
Aberdeen, WA, USA,46.975372,-123.81572
Winston, OR, USA,43.122337,-123.412575
Elma, WA, USA,47.003429,-123.408768
Green, OR, USA,43.159863,-123.369255
Willits, CA, USA,39.409607,-123.355568
Elmira, OR, USA,44.065678,-123.355377
Roseburg, OR, USA,43.216503,-123.341736
Dallas, OR, USA,44.919285,-123.317047
Grants Pass, OR, USA,42.436386,-123.30439
Myrtle Creek, OR, USA,43.020119,-123.293121
Ukiah, CA, USA,39.150169,-123.207787
McMinnville, OR, USA,45.211449,-123.19799
Independence, OR, USA,44.851231,-123.186768
Sequim, WA, USA,48.079536,-123.101845
Guerneville, CA, USA,38.501858,-122.996109
Tumwater, WA, USA,47.007229,-122.909523
Kelso, WA, USA,46.147106,-122.907677
Windsor, CA, USA,38.547134,-122.816383
Port Hadlock-Irondale, WA, USA,48.036144,-122.773849
Blaine, WA, USA,48.988552,-122.749748
Sweet Home, OR, USA,44.397625,-122.736198
Lummi Island, WA, USA,48.727333,-122.679428
Lake Oswego, OR, USA,45.419872,-122.669159
Tracyton, WA, USA,47.608986,-122.655144
Oak Harbor, WA, USA,48.288296,-122.648422
Custer, WA, USA,48.917336,-122.637947
Port Orchard, WA, USA,47.540375,-122.636246
Mount Vista, WA, USA,45.734283,-122.632874
Burley, WA, USA,47.417137,-122.631012
Clearlake, CA, USA,38.958233,-122.626373
Anacortes, WA, USA,48.512604,-122.612671
Mount Scott - Arleta, OR, USA,45.482914,-122.595688
Roseway, OR, USA,45.548325,-122.588303
Calistoga, CA, USA,38.578796,-122.579704
Ross, CA, USA,37.962296,-122.555443
Bainbridge Island, WA, USA,47.629536,-122.524162
Belvedere, CA, USA,37.872704,-122.464417
Sonoma, CA, USA,38.294788,-122.46151
Gresham,OR, USA,45.510185,-122.452385
Schellville, CA, USA,38.246029,-122.439705
Hillsborough, CA, USA,37.574104,-122.379417
Waller, WA, USA,47.203243,-122.362289
El Cerrito, CA, USA,37.916134,-122.310768
Montlake, WA, USA,47.641678,-122.305008
El Sobrante, CA, USA,37.980469,-122.300835
Graham, WA, USA,47.053062,-122.294769
Tulalip, WA, USA,48.068428,-122.291809
Emeryville, CA, USA,37.831318,-122.285248
La Honda, CA, USA,37.319801,-122.271461
San Carlos, CA, USA,37.50716,-122.260521
White River,WA, USA,47.199821,-122.258728
Big Lake, WA, USA,48.402882,-122.241264
Red Bluff, CA, USA,40.180447,-122.226334
Acme, WA, USA,48.717056,-122.205154
Mill Creek, WA, USA,47.860096,-122.2043
Menlo Park, CA, USA,37.452961,-122.181725
Stanford, CA, USA,37.424107,-122.166077
Factoria, WA, USA,47.576584,-122.164337
Benicia, CA, USA,38.052147,-122.153893
San Lorenzo, CA, USA,37.681152,-122.12413
Millville, CA, USA,40.576866,-122.118973
Covington,WA,USA,47.359558,-122.118011
Sammamish, WA, USA,47.618198,-122.054672
California Coastal National Monument, CA, USA,36.543819,-122.049263
Maple Valley, WA, USA,47.373348,-122.036926
Ashford, WA, USA,46.758442,-122.030937
Hobart, WA, USA,47.421768,-121.972893
Winters, CA, USA,38.524906,-121.970802
Soquel, CA, USA,36.988327,-121.956696
Campbell, CA, USA,37.287167,-121.949959
Carmel-by-the-Sea, CA, USA,36.555241,-121.923286
Pacific Grove, CA,USA,36.617779,-121.916664
Aptos, CA, USA,36.980614,-121.892624
Fall City, WA, USA,47.567326,-121.888725
Verona, CA, USA,37.626801,-121.881523
Suenos, CA, USA,37.342205,-121.85199
Seaside, CA, USA,36.614906,-121.842628
East Foothills, CA, USA,37.38105,-121.817451
Marina, CA, USA,36.684402,-121.80217
Freedom, CA, USA,36.938469,-121.802162
North Bend, WA, USA,47.502357,-121.797867
Moss Landing, CA,USA,36.804443,-121.786942
Klamath Falls, OR, USA,42.224869,-121.78167
Woodland, CA, USA,38.678516,-121.7733
Watsonsville, CA, USA,36.910233,-121.756897
Castroville, CA, USA,36.761951,-121.75177
Sutter, CA, USA,39.163074,-121.750145
Tanner, WA, USA,47.47538,-121.746223
Oretech, OR, USA,42.264671,-121.743645
Davis, CA, USA,38.544907,-121.740517
Carmel Valley, CA, USA,36.4799,-121.732796
Byron, CA, USA,37.867149,-121.638008
Paradise, CA, USA,39.76738,-121.633759
Plumas Lake,CA, USA,39.022118,-121.558487
Oroville, CA, USA,39.511608,-121.556725
Linda, CA, USA,39.127712,-121.555367
Counsman, CA, USA,38.749439,-121.491386
North Sacramento, CA,USA,38.60611,-121.457497
Hollister, CA,USA,36.852501,-121.401665
Vineyard, CA, USA,38.468559,-121.342728
Tumalo, OR, USA,44.149841,-121.330872
Soledad, CA,USA,36.424721,-121.326385
Beatty, OR, USA,42.441814,-121.270828
Morada, CA, USA,38.037209,-121.250397
Redmond, OR,USA,44.272621,-121.17392
King City, CA,USA,36.212776,-121.126114
El Dorado Hills, CA, USA,38.686295,-121.081268
Auburn, CA, USA,38.896564,-121.076889
Grass Valley, CA, USA,39.219063,-121.061058
Gustine, CA, USA,37.255745,-121.004875
Cameron Park, CA, USA,38.668793,-120.987167
Riverbank, CA, USA,37.736317,-120.936005
Ione, CA, USA,38.352692,-120.932716
Morro Bay, CA, USA,35.370781,-120.851173
Hilmar, CA, USA,37.404415,-120.850128
Prineville, OR, USA,44.29985,-120.834465
Placerville, CA, USA,38.729626,-120.798546
Genesee, CA, USA,40.043056,-120.753891
Christmas Valley, OR, USA,43.237808,-120.671112
Atascadero, CA, USA,35.489418,-120.670723
Leavenworth, WA, USA,47.596233,-120.661476
Susanville, CA, USA,40.416283,-120.653008
Atwater, CA, USA,37.341778,-120.607224
Santa Margarita, CA, USA,35.395439,-120.602631
Arroyo Grande, CA, USA,35.118587,-120.590729
Angels Camp, CA, USA,38.067783,-120.538528
Betteravia, CA, USA,34.917778,-120.513885
Madeline, CA, USA,41.051697,-120.476006
Cashmere, WA, USA,47.522346,-120.469803
Orcutt, CA, USA,34.865257,-120.435997
Wenatchee, WA, USA,47.423458,-120.310349
Manson, WA, USA,47.886189,-120.162109
Verdi, NV, USA,39.518093,-119.992844
Mariposa, CA, USA,37.487118,-119.96769
Lawton, NV, USA,39.512131,-119.906586
Rolling Hills, CA, USA,36.899097,-119.795166
Brewster, WA, USA,48.095978,-119.780617
Sun Valley, NV, USA,39.596298,-119.776024
Calwa, CA, USA,36.710506,-119.758476
Gardnerville, NV, USA,38.941296,-119.749619
Malaga, CA, USA,36.683559,-119.733749
Hidden Valley, NV, USA,39.497021,-119.717628
Santa Barbara, CA, USA,34.42083,-119.698189
Lost Hills, CA, USA,35.616348,-119.694298
McKittrick, CA, USA,35.305519,-119.622627
Oroville, WA, USA,48.935032,-119.436943
Avocado, CA, USA,36.78944,-119.403061
Tollhouse, CA, USA,37.016243,-119.401024
West Richland, WA, USA,46.304302,-119.361412
Tulare, CA, USA,36.207729,-119.347336
Oak View, CA, USA,34.396427,-119.29882
Bridgeport, CA, USA,38.258308,-119.226814
Naval Air Station Point Mugu, CA, USA,34.112442,-119.10244
Burns,OR,USA,43.587231,-119.054893
East Porterville, CA, USA,36.057453,-118.975655
Mammoth Lakes, CA, USA,37.648544,-118.972076
Bardsdale, CA, USA,34.372913,-118.920998
Newbury Park, CA, USA,34.181129,-118.911079
Three Rivers, CA, USA,36.440617,-118.895416
Lake Sherwood, CA, USA,34.14027,-118.857826
Fallon, NV, USA,39.474869,-118.777039
Calabasas, CA, USA,34.138332,-118.660835
West Hills, CA, USA,34.197311,-118.643982
Woodland Hills, CA, USA,34.165936,-118.61039
Winnetka, CA, USA,34.205921,-118.575409
Valencia, CA, USA,34.456043,-118.571335
Granada Hills, CA, USA,34.279358,-118.502151
Sherman Oaks, CA, USA,34.149956,-118.448891
San Fernando, CA, USA,34.281944,-118.438972
El Segundo, CA, USA,33.919182,-118.416466
Manhattan Beach, CA, USA,33.881248,-118.407211
Beverly Hills, CA, USA,34.07362,-118.400352
Hermosa Beach, CA, USA,33.862141,-118.400009
Ritzville, WA, USA,47.127373,-118.379974
Universal City, CA, USA,34.141354,-118.352898
Walla Walla, WA, USA,46.055645,-118.346359
Agua Dulce, CA, USA,34.496384,-118.325638
Sunland-Tujunga, CA, USA,34.266014,-118.311424
Lynwood, CA, USA,33.929325,-118.213867
La Cañada Flintridge, CA, USA,34.209141,-118.200134
Poly High,CA,USA,33.792461,-118.185005
Mojave, CA, USA,35.047752,-118.171585
Signal Hill, CA, USA,33.797337,-118.161659
Monterey Park, CA, USA,34.062511,-118.122849
San Gabriel, CA, USA,34.096756,-118.105667
Santa Fe Springs, CA, USA,33.947235,-118.085342
Lone Pine, CA, USA,36.606045,-118.062866
Arcadia, CA, USA,34.139729,-118.035347
La Mirada, CA, USA,33.919006,-118.010506
City of Industry, CA, USA,34.019733,-117.958672
Pearblossom, CA, USA,34.506413,-117.909683
Reardan, WA, USA,47.669605,-117.877731
Glendora, CA, USA,34.13612,-117.865341
Laguna Beach, CA, USA,33.541679,-117.777214
Napa, CA, USA,33.728851,-117.765991
Winnemucca, NV, USA,40.972958,-117.735687
Aliso Viejo, CA, USA,33.567684,-117.725609
Adelanto, CA, USA,34.582771,-117.409218
Trona, CA, USA,35.762409,-117.372719
Rialto, CA, USA,34.106117,-117.372093
Mead Valley, CA, USA,33.837219,-117.287605
Solana Beach, CA, USA,33.000603,-117.268753
Del Mar, CA, USA,32.959492,-117.265244
Fallbrook, CA, USA,33.376419,-117.251144
Joseph, OR, USA,45.354744,-117.229317
Bonsall, CA, USA,33.288921,-117.225594
Lake Arrowhead, CA, USA,34.248333,-117.189163
Harrisburg, CA, USA,36.363171,-117.108093
Oldtown,ID,USA,48.185555,-117.030281
Barstow, CA, USA,34.895798,-117.017281
Weiser, ID, USA,44.250999,-116.96933
Freeze, ID, USA,46.961838,-116.942665
Priest River, ID, USA,48.18074,-116.909363
Ramona, CA, USA,33.040615,-116.873421
Calico, CA, USA,34.948891,-116.864166
Coolin, ID, USA,48.478897,-116.847794
Dalton Gardens, ID, USA,47.72963,-116.770187
Idyllwild-Pine Cove, CA, USA,33.745556,-116.714287
Newberry Springs, CA, USA,34.827209,-116.688362
Fort Irwin, CA, USA,35.26284,-116.684631
Anza, CA, USA,33.555267,-116.674179
Careywood, ID, USA,48.03511,-116.643005
Descanso, CA, USA,32.858501,-116.613976
Sandpoint, ID, USA,48.276577,-116.553467
Sagle, ID, USA,48.202419,-116.547691
Melba, ID, USA,43.375546,-116.529823
Star, ID, USA,43.692108,-116.493462
Yucca Valley, CA, USA,34.114174,-116.432236
Borrego Springs, CA, USA,33.255871,-116.375015
Palm Desert, CA, USA,33.722244,-116.374458
Orofino, ID, USA,46.479347,-116.255142
Coachella, CA, USA,33.680302,-116.173897
Thermal, CA, USA,33.640263,-116.142235
McCall, ID, USA,44.913277,-116.104202
Grand View, ID, USA,42.986816,-116.097183
Baker, CA, USA,35.265373,-116.074989
Mecca, CA, USA,33.57663,-116.070305
Twentynine Palms, CA, USA,34.135559,-116.054169
Pahrump, NV, USA,36.21104,-115.992279
Troy, MT, USA,48.464111,-115.889893
Elko, NV, USA,40.83242,-115.763123
Bombay Beach, CA, USA,33.350616,-115.729622
Mountain Home, ID, USA,43.133915,-115.691917
Kelso, CA, USA,35.012363,-115.653625
Brawley, CA, USA,32.968784,-115.53495
Niland, CA, USA,33.23793,-115.514809
Calipatria, CA, USA,33.125595,-115.514153
Calexico, CA, USA,32.679085,-115.498734
Ruby Valley,NV, USA,40.360966,-115.447212
Summerlin South, NV, USA,36.134907,-115.328003
Ely, NV, USA,39.24744,-114.888634
Boulder City, NV, USA,35.977451,-114.840775
Needles, CA, USA,34.848061,-114.614128
Bullhead City, AZ, USA,35.135941,-114.528595
Topock, AZ, USA,34.771637,-114.491486
Oatman, AZ, USA,35.025646,-114.382683
Ketchum, ID, USA,43.68074,-114.363663
Lake Havasu City, AZ, USA,34.483696,-114.325638
Kalispell, MT, USA,48.197777,-114.316109
Quartzsite, AZ, USA,33.665901,-114.222771
Chloride, AZ, USA,35.414478,-114.197205
Columbia Falls, MT, USA,48.38818,-114.180222
Stevensville, MT, USA,46.509922,-114.093163
Wikieup, AZ, USA,34.705128,-113.611809
Dateland, AZ, USA,32.797585,-113.540932
Seeley Lake, MT, USA,47.175831,-113.479324
Babb, MT, USA,48.86026,-113.43676
Peach Springs, AZ, USA,35.529125,-113.425461
Virgin, UT, USA,37.208317,-113.188278
Milford, UT, USA,38.396912,-113.010788
Springdale, UT, USA,37.188869,-112.99855
Colorado City, AZ, USA,36.994076,-112.97403
Anaconda, MT, USA,46.126301,-112.947838
Ajo, AZ, USA,32.371723,-112.86071
Wickenburg, AZ, USA,33.969765,-112.730186
Beaver, UT, USA,38.276917,-112.641052
Buckeye, AZ, USA,33.370464,-112.583549
Butte, MT, USA,46.003822,-112.534775
Ash Fork, AZ, USA,35.223648,-112.48468
Grantsville, UT, USA,40.599941,-112.464401
Chino Valley, AZ, USA,34.757523,-112.453781
Litchfield Park, AZ, USA,33.493412,-112.36248
Goodyear, AZ, USA,33.435341,-112.358253
Tooele, UT, USA,40.530777,-112.298279
Malad City, ID, USA,42.191586,-112.250801
Williams, AZ, USA,35.251003,-112.188614
Choteau, MT, USA,47.812454,-112.183632
Bryce, UT, USA,37.672848,-112.157257
Grand Canyon Village, AZ, USA,36.055084,-112.140823
New River, AZ, USA,33.915871,-112.135994
Jerome, AZ, USA,34.748913,-112.11377
Herriman, UT, USA,40.514114,-112.032997
Clancy, MT, USA,46.46521,-111.986382
Guadalupe, AZ, USA,33.37088,-111.962921
Cave Creek, AZ, USA,33.83334,-111.951355
Riverton, UT, USA,40.521893,-111.939102
Carefree, AZ, USA,33.822262,-111.918205
Midvale, UT, USA,40.611057,-111.899933
Draper, UT, USA,40.52467,-111.863823
Camp Verde, AZ, USA,34.563637,-111.854317
American Fork, UT, USA,40.377937,-111.803055
Sedona, AZ, USA,34.871002,-111.760826
Ennis, MT, USA,45.349209,-111.732765
Payson, UT, USA,40.04454,-111.732262
Fountain Hills, AZ, USA,33.603374,-111.730782
Queen Creek, AZ, USA,33.253044,-111.6465
Summit Park, UT, USA,40.745781,-111.611595
Escalante, UT, USA,37.76746,-111.605301
Moroni, UT, USA,39.524963,-111.590469
Mapleton, UT, USA,40.136589,-111.57682
Three Forks, MT, USA,45.892429,-111.552193
Picacho, AZ, USA,32.713566,-111.498421
Park City, UT, USA,40.646061,-111.497971
Page, AZ, USA,36.917839,-111.458664
Gold Canyon, AZ, USA,33.359341,-111.450027
Ashton, ID, USA,44.071583,-111.448288
Fairview, UT, USA,39.62635,-111.439636
Florence, AZ, USA,33.031452,-111.387344
Payson, AZ, USA,34.230869,-111.325134
Black Eagle, MT, USA,47.525635,-111.277206
Tortolita, AZ, USA,32.404446,-111.048889
Bozeman, MT, USA,45.676998,-111.042931
Green Valley, AZ, USA,31.854252,-110.993706
Nogales, AZ, USA,31.341928,-110.934105
Catalina Foothills, AZ, USA,32.297852,-110.918701
Price, UT, USA,39.601192,-110.809822
Tanque Verde, AZ, USA,32.251743,-110.737305
Winslow, AZ, USA,35.026695,-110.703842
Pray, MT, USA,45.38028,-110.681664
Fort Benton, MT, USA,47.834591,-110.657303
Benson, AZ, USA,31.967861,-110.294518
Sierra Vista, AZ, USA,31.547194,-110.278641
Kayenta, AZ, USA,36.727776,-110.254578
Sierra Vista Southeast, AZ, USA,31.49192,-110.229263
Green River, UT, USA,38.995495,-110.159828
Holbrook, AZ, USA,34.901604,-110.158577
Bylas, AZ, USA,33.138847,-110.12484
Tombstone, AZ, USA,31.713659,-110.066666
Show Low, AZ, USA,34.258568,-110.033035
Fort Apache, AZ, USA,33.791748,-109.987251
Bisbee, AZ, USA,31.448114,-109.928734
Cooke City-Silver Gate, MT, USA,45.016045,-109.91655
Willcox, AZ, USA,32.252853,-109.832008
Pearce, AZ, USA,31.905087,-109.820625
Douglas, AZ, USA,31.350119,-109.570084
Chinle, AZ, USA,36.154449,-109.552605
Moab, UT, USA,38.573315,-109.549843
Naples, UT, USA,40.426907,-109.499306
Blanding, UT, USA,37.625465,-109.47802
Green River, WY, USA,41.528576,-109.466248
Spanish Valley, UT, USA,38.493317,-109.45845
Farson, WY, USA,42.112041,-109.442703
Monticello, UT, USA,37.871384,-109.342896
Sanders, AZ, USA,35.209145,-109.328796
Morenci, AZ, USA,33.050537,-109.324875
Cody, WY, USA,44.52634,-109.056534
Cahone, CO, USA,37.660782,-108.808769
Tocito, NM,USA,36.398998,-108.780998
Laurel, MT, USA,45.669323,-108.77137
Cortez, CO, USA,37.348885,-108.58593
Lockwood, MT, USA,45.819118,-108.414856
Riverton, WY, USA,43.02496,-108.380104
Mayday,CO, USA,37.350555,-108.076111
Basin, WY, USA,44.378979,-108.03894
Worland, WY, USA,44.016899,-107.955376
Durango, CO,USA,37.2705,-107.8787
Montrose, CO, USA,38.478321,-107.876175
Telluride, CO, USA,37.937492,-107.812286
Rifle, CO, USA,39.534702,-107.783119
Craig, CO, USA,40.515247,-107.546455
Basalt, CO, USA,39.367882,-107.03344
Gypsum, CO, USA,39.646931,-106.951714
Aspen, CO, USA,39.191097,-106.817535
Santa Teresa, NM, USA,31.855938,-106.63916
North Valley, NM, USA,35.173378,-106.62336
Anthony, NM, USA,32.00399,-106.605827
Canutillo, TX, USA,31.911493,-106.600266
Beaver Creek, CO, USA,39.604225,-106.516518
Frisco, CO, USA,39.574432,-106.097519
Wildernest, CO, USA,39.618252,-106.094368
Breckenridge, CO, USA,39.482231,-106.046181
Agua Fria, NM, USA,35.654408,-106.023041
Salida, CO, USA,38.534718,-105.998901
Alamosa, CO, USA,37.469448,-105.870018
Georgetown, CO, USA,39.706097,-105.697502
Ruidoso, NM, USA,33.331749,-105.673042
Angus, NM, USA,33.44632,-105.663574
Taos, NM, USA,36.407249,-105.573067
Black Hawk, CO, USA,39.79792,-105.493301
Wright, WY, USA,43.752312,-105.489136
Buford, WY, USA,41.123688,-105.302292
Angel Fire, NM, USA,36.393089,-105.285011
Table Mesa, CO, USA,39.97998,-105.252563
Golden, CO, USA,39.754185,-105.230484
Morrison, CO, USA,39.653599,-105.191101
Lafayette, CO, USA,40.000267,-105.100021
Wheat Ridge, CO, USA,39.766098,-105.077209
Erie, CO, USA,40.050262,-105.04998
Berkley, CO, USA,39.804844,-105.022263
Littleton, CO, USA,39.613319,-105.016647
Englewood, CO, USA,39.649055,-104.976425
Greenwood Village, CO, USA,39.61721,-104.950813
Park Hill, CO, USA,39.756138,-104.9272
Manitou Springs, CO, USA,38.864307,-104.907417
Castlewood, CO, USA,39.58532,-104.905525
Windsor, CO, USA,40.477482,-104.90136
Lone Tree, CO, USA,39.536392,-104.897095
Castle Pines, CO, USA,39.47168,-104.894882
Monument, CO, USA,39.09166,-104.872757
Woodmoor, CO, USA,39.100327,-104.848518
Van Horn, TX, USA,31.039856,-104.830772
Ranchettes, WY, USA,41.218475,-104.790932
Ault, CO, USA,40.582481,-104.731911
Black Forest, CO, USA,39.013046,-104.700806
Cimarron Hills, CO, USA,38.858604,-104.69886
Garden City, CO, USA,40.391418,-104.687401
Aguilar, CO, USA,37.402794,-104.65332
Plevna, MT, USA,46.415283,-104.517731
Fort Laramie, WY, USA,42.211102,-104.516541
Artesia, NM, USA,32.842258,-104.39756
Briggsdale, CO, USA,40.634453,-104.327866
Carlsbad, NM, USA,32.417934,-104.229034
Four Corners, WY, USA,44.080799,-104.136086
Marfa, TX, USA,30.313618,-104.027481
Beach, ND, USA,46.919273,-104.003609
Cartwright, ND, USA,47.859741,-103.926315
Limon, CO, USA,39.263878,-103.692177
Kimball, NE, USA,41.235661,-103.662987
Alexander, ND, USA,47.843075,-103.6427
La Junta, CO, USA,37.985882,-103.548203
Griffin, ND, USA,46.219601,-103.540527
Medora, ND, USA,46.913643,-103.525581
Sturgis, SD, USA,44.409706,-103.509079
Ambrose, ND, USA,48.954926,-103.482193
Arnegard, ND, USA,47.807922,-103.440689
Bowman, ND, USA,46.183201,-103.396507
Amidon, ND, USA,46.482456,-103.322884
Crosby, ND, USA,48.912045,-103.295456
Eunice, NM, USA,32.437344,-103.159081
Dickinson, ND, USA,46.895851,-102.789665
Killdeer, ND, USA,47.37196,-102.754074
Yuma, CO, USA,40.122208,-102.725212
Lamar, CO, USA,38.088165,-102.619217
Regent, ND, USA,46.421204,-102.557014
Andrews, TX, USA,32.318714,-102.545715
Ross, ND, USA,48.312702,-102.54409
Dalhart, TX, USA,36.059479,-102.513252
New Town, ND, USA,47.980846,-102.490181
Sundown, TX, USA,33.456207,-102.489357
Hereford, TX, USA,34.815002,-102.398193
Bowbells, ND, USA,48.803043,-102.246117
Ropesville, TX, USA,33.413673,-102.156197
Burt, ND, USA,46.36647,-102.152229
Rankin, TX, USA,31.222748,-101.939148
Zap, ND, USA,47.286633,-101.922485
Canyon, TX, USA,34.980335,-101.9188
Elgin, ND, USA,46.400936,-101.844635
Beulah, ND, USA,47.263084,-101.778
Berthold, ND, USA,48.313068,-101.737106
Goodland, KS, USA,39.356602,-101.711082
Hazen, ND, USA,47.295605,-101.621559
Carson, ND, USA,46.417786,-101.564865
Almont, ND, USA,46.727772,-101.506477
Douglas, ND, USA,47.858158,-101.503098
Burlington, ND, USA,48.275429,-101.428291
Garrison, ND, USA,47.651375,-101.415855
Stanton, ND, USA,47.321102,-101.381599
Center, ND, USA,47.116386,-101.299591
Max, ND, USA,47.821724,-101.296402
Minot, ND, USA,48.230164,-101.291199
Antler, ND, USA,48.971382,-101.282646
Glenburn, ND, USA,48.513073,-101.220711
Colby,KS, USA,39.396946,-101.053886
Washburn, ND, USA,47.288967,-101.028923
Liberal, KS, USA,37.043079,-100.920998
Snyder, TX, USA,32.717888,-100.917618
St Anthony, ND, USA,46.617489,-100.911865
Mandan, ND, USA,46.82666,-100.88958
Garden City, KS, USA,37.971691,-100.872665
Oakley, KS, USA,39.127098,-100.847969
Baldwin, ND, USA,47.02647,-100.749428
Huff, ND, USA,46.623882,-100.651787
McCook, NE, USA,40.196671,-100.62487
Plains, KS, USA,37.262032,-100.58976
Carbury, ND, USA,48.891632,-100.544563
Balfour, ND, USA,47.951672,-100.534584
Eagle Pass, TX, USA,28.709143,-100.499519
Gardena, ND, USA,48.699749,-100.496124
Bottineau, ND, USA,48.827229,-100.445702
Sweetwater, TX, USA,32.470951,-100.405937
Towner, ND, USA,48.345627,-100.405174
Anamoose, ND, USA,47.881611,-100.241127
Linton, ND, USA,46.266659,-100.232895
Childress, TX, USA,34.426453,-100.204002
Strasburg, ND, USA,46.133602,-100.161507
Martin, ND, USA,47.827427,-100.11499
Dunseith, ND, USA,48.813053,-100.061134
Balta, ND, USA,48.166668,-100.037079
Merkel, TX, USA,32.466866,-100.014015
Rugby, ND, USA,48.368748,-99.996078
Hague, ND, USA,46.028599,-99.995667
Winters, TX, USA,31.956533,-99.962311
Harvey, ND, USA,47.768677,-99.936317
Steele, ND, USA,46.856529,-99.91571
Rolette, ND, USA,48.660927,-99.841751
Nanson, ND, USA,48.573868,-99.779678
Asherton, TX, USA,28.4436,-99.758942
Dawson, ND, USA,46.867565,-99.751389
Belcourt, ND, USA,48.839428,-99.744865
Bowdon, ND, USA,47.469723,-99.707901
Mylo, ND, USA,48.635338,-99.618759
Elk City, Ok, USA,35.402485,-99.446182
Coleman, TX, USA,31.827368,-99.426453
Bisbee, ND, USA,48.625927,-99.377983
Ashley, ND, USA,46.034142,-99.371506
Holdrege, NE, USA,40.437992,-99.369843
Woodworth, ND, USA,47.142651,-99.303452
Zapata, TX, USA,26.907261,-99.271423
Mason, TX, USA,30.759539,-99.222336
Cando, ND, USA,48.489868,-99.203659
Churchs Ferry, ND, USA,48.270226,-99.197075
Carrington, ND, USA,47.449512,-99.126305
New Rockford, ND, USA,47.682411,-99.120728
Bandera, TX, USA,29.727713,-99.071442
Clinton, OK, USA,35.513538,-98.967651
Brantford, ND, USA,47.597878,-98.923599
Devil's Lake, ND, USA,48.102329,-98.865196
Devils Lake, ND, USA,48.111767,-98.863274
Grace City, ND, USA,47.551128,-98.804581
Newcastle, TX, USA,33.19474,-98.73568
Edgeley, ND, USA,46.359852,-98.714211
Jamestown, ND, USA,46.909538,-98.708534
Alsen, ND, USA,48.62915,-98.705055
O'Neill, NE, USA,42.457672,-98.647888
Leon Valley, TX, USA,29.492441,-98.610573
McHenry, ND, USA,47.576309,-98.590065
Montpelier, ND, USA,46.700432,-98.586555
Medicine Lodge, KS, USA,37.286072,-98.585129
Hamar, ND, USA,47.843609,-98.573441
Lebanon, KS, USA,39.80986,-98.555183
Ellendale, ND, USA,46.002552,-98.527351
Pleasanton, TX, USA,28.967194,-98.47863
Losoya, TX, USA,29.234118,-98.45932
Edmore, ND, USA,48.413319,-98.454308
Watonga, OK, USA,35.844765,-98.413132
Hastings, NE, USA,40.586258,-98.38987
Langdon, ND, USA,48.763149,-98.371307
La Homa, TX, USA,26.245928,-98.368362
Converse, TX, USA,29.518007,-98.316124
Alton, TX, USA,26.2904,-98.311981
Marble Falls, TX, USA,30.578245,-98.272797
Schertz, TX, USA,29.552174,-98.269737
Dazey, ND, USA,47.190544,-98.201759
Rogers, ND, USA,47.072765,-98.199539
Marion, TX, USA,29.571341,-98.140289
Cooperstown, ND, USA,47.444042,-98.123848
Mineral Wells, TX, USA,32.816132,-98.112717
Alice, TX, USA,27.75647,-98.077011
Adams, ND, USA,48.422047,-98.07679
Superior, NE, USA,40.018822,-98.066505
Bertram, TX, USA,30.743795,-98.055573
Donna, TX, USA,26.171606,-98.051712
Pretty Prairie, KS, USA,37.780014,-98.019775
Valley City, ND, USA,46.923313,-98.003159
Aurora, NE, USA,40.867241,-98.003006
Lakeway, TX, USA,30.367979,-97.991676
Aneta, ND, USA,47.679455,-97.988228
Seguin, TX, USA,29.568842,-97.964729
Marlow, OK, USA,34.648132,-97.958092
Hutchinson, KS, USA,38.060844,-97.929771
Liberty Hill, TX, USA,30.667152,-97.92646
Tolar, TX, USA,32.388958,-97.920959
Niagara, ND, USA,47.996082,-97.868919
Sutton, NE, USA,40.60405,-97.866898
Leander, TX, USA,30.578806,-97.853065
Manchaca, TX, USA,30.143347,-97.833595
Nome, ND, USA,46.677753,-97.810379
Weatherford, TX, USA,32.758972,-97.797386
Granbury, TX, USA,32.442081,-97.794197
Rollingwood, TX, USA,30.275969,-97.793083
Ding Dong, TX, USA,30.974632,-97.777298
Bridgeport, TX, USA,33.210117,-97.754753
Nocona, TX, USA,33.78677,-97.725861
Lisbon, ND, USA,46.441505,-97.68148
Robstown, TX, USA,27.790302,-97.668884
McPherson, KS, USA,38.370842,-97.664207
Harker Heights, TX, USA,31.086458,-97.655235
Del Valle, TX, USA,30.210768,-97.654724
Inkster, ND, USA,48.15136,-97.643944
Bethany, OK, USA,35.518669,-97.632263
Cavalier, ND, USA,48.79388,-97.622307
Cresson, TX, USA,32.532639,-97.617805
Jarrell, TX, USA,30.824909,-97.604454
Lindsay,OK,USA,34.836693,-97.598434
Alice, ND, USA,46.763081,-97.554489
Buffalo, ND, USA,46.919628,-97.551308
Hutto, TX, USA,30.542747,-97.550011
Salado, TX, USA,30.947691,-97.538383
Arvilla, ND, USA,47.920242,-97.497818
Benbrook, TX, USA,32.673187,-97.460579
Belton, TX, USA,31.055876,-97.460403
White Settlement, TX, USA,32.759575,-97.458351
Voss, ND, USA,48.296261,-97.454636
Crawford, TX, USA,31.53404,-97.443207
Guthrie, OK, USA,35.878937,-97.425316
Grafton, ND, USA,48.412342,-97.411278
Galesburg, ND, USA,47.269943,-97.406738
Noble, OK, USA,35.139236,-97.394753
Goliad, TX, USA,28.668325,-97.388329
Purcell, OK, USA,35.017628,-97.36702
Chaffee, ND, USA,46.774418,-97.352592
Haslet, TX, USA,32.974846,-97.347794
Ardoch, ND, USA,48.207306,-97.342323
Bastrop, TX, USA,30.110495,-97.315269
Choctaw, OK, USA,35.497562,-97.268921
Watauga, TX, USA,32.857906,-97.254738
Pembina, ND, USA,48.967888,-97.247353
Leonard, ND, USA,46.651917,-97.245644
McDade, TX, USA,30.286957,-97.239967
Krum, TX, USA,33.261505,-97.238075
Kennedale, TX, USA,32.646801,-97.225845
Amenia, ND, USA,47.005116,-97.219292
Arthur, ND, USA,47.104141,-97.21814
Abilene, KS, USA,38.925228,-97.211838
Casselton, ND, USA,46.900497,-97.211372
Hewitt, TX, USA,31.462391,-97.195839
Argyle, TX, USA,33.123753,-97.184547
Drayton, ND, USA,48.571095,-97.177849
South Padre Island, TX, USA,26.111944,-97.169724
Ardmore, OK, USA,34.174259,-97.143623
Bedford, TX, USA,32.844326,-97.143196
Mansfield, TX, USA,32.563507,-97.142014
Thompson, ND, USA,47.774559,-97.108864
Estes, TX, USA,27.964537,-97.099747
Euless, TX, USA,32.837074,-97.081955
Corinth, TX, USA,33.154011,-97.064735
Port Aransas, TX, USA,27.833916,-97.061096
Schuyler, NE, USA,41.448341,-97.0597
Hillsboro, ND, USA,47.403378,-97.059685
Grand Forks, ND, USA,47.925259,-97.032852
Lake Dallas, TX, USA,33.119286,-97.025566
Barney, ND, USA,46.267075,-97.000465
Aubrey, TX, USA,33.304283,-96.986115
Cameron, TX, USA,30.858027,-96.975975
Pilot Point, TX,USA,33.396389,-96.958611
Argusville, ND, USA,47.052143,-96.933678
Shawnee, OK, USA,35.327293,-96.925301
Savannah, TX, USA,33.225151,-96.906174
Hankinson, ND, USA,46.071297,-96.902077
Farmers Branch, TX, USA,32.925709,-96.897675
Italy, TX, USA,32.146549,-96.870232
Glenn Heights, TX, USA,32.548748,-96.856667
Waxahachie, TX, USA,32.392719,-96.84388
Emerald, NE, USA,40.816929,-96.835556
Riley, KS, USA,39.298885,-96.830841
Oxbow, ND, USA,46.669964,-96.800362
Hubbard, TX, USA,31.848494,-96.797218
Highland Park, TX, USA,32.833462,-96.791946
Celina, TX, USA,33.325939,-96.779251
Moorhead, MN, USA,46.873764,-96.767807
Cushing, OK, USA,35.985065,-96.766968
Abercrombie, ND, USA,46.447662,-96.730232
Hutchins, TX, USA,32.6493,-96.713051
Ada, OK, USA,34.774532,-96.678345
Seminole, OK, USA,35.224522,-96.67057
Port Lavaca, TX, USA,28.614998,-96.626091
Murphy, TX, USA,33.015121,-96.613052
Mesquite, TX, USA,32.78278,-96.610001
Wahpeton, ND, USA,46.265236,-96.605904
Anna, TX, USA,33.344181,-96.551666
Magnolia Beach, TX, USA,28.560278,-96.542755
Groesbeck, TX, USA,31.524338,-96.533867
Somerville, TX, USA,30.346043,-96.528305
Mexia, TX, USA,31.67989,-96.482201
Sergeant Bluff, IA, USA,42.402981,-96.358841
Pawhuska, OK, USA,36.667843,-96.337234
Eagle Lake, TX, USA,29.589684,-96.33358
Kaufman, TX, USA,32.589024,-96.308868
Gretna, NE, USA,41.152809,-96.240921
Tekamah, NE, USA,41.77832,-96.22113
Lotsee, OK, USA,36.13414,-96.209633
Hilltop Lakes, TX, USA,31.079351,-96.20385
Sioux Center, IA, USA,43.0798,-96.17569
Fairfield, TX, USA,31.724613,-96.165245
Bennington, NE, USA,41.364719,-96.157799
Sealy, TX, USA,29.775963,-96.156296
Chalco, NE, USA,41.184521,-96.156242
Atoka, OK, USA,34.385925,-96.128326
Sand Springs, OK, USA,36.139809,-96.108894
Onawa, IA, USA,42.026653,-96.097237
East Bernard, TX, USA,29.532393,-96.067459
Wallis, TX, USA,29.634144,-96.063934
Jenks, OK, USA,36.022873,-95.96833
Bartlesville, OK, USA,36.752045,-95.963654
Okmulgee, OK, USA,35.633862,-95.947037
Havana, KS, USA,37.091736,-95.941925
Holloway, MN, USA,45.248055,-95.908333
Fulshear, TX, USA,29.693962,-95.900482
Detroit Lakes, MN, USA,46.827316,-95.84816
Cumby, TX, USA,33.136112,-95.839386
Katy, TX, USA,29.785786,-95.824394
McAlester, OK, USA,34.93343,-95.769714
Cinco Ranch, TX, USA,29.738842,-95.758003
Magnolia, TX, USA,30.210014,-95.751236
Limestone, OK, USA,36.31789,-95.742416
New Tulsa, OK, USA,36.102051,-95.724754
Independence, KS, USA,37.224236,-95.708313
Talala, OK, USA,36.529545,-95.698486
Soper, OK, USA,34.032879,-95.697189
Bigelow, MN, USA,43.50338,-95.690506
Coweta, OK, USA,35.951767,-95.65081
Nowata, OK, USA,36.700645,-95.638031
Tomball, TX, USA,30.097191,-95.616203
Tecumseh, KS, USA,39.047695,-95.578568
Tira, TX, USA,33.3265,-95.574677
Brazoria, TX, USA,29.044415,-95.569115
Jersey Village, TX, USA,29.883816,-95.561745
Hartshorne, OK, USA,34.845097,-95.55748
Sharpstown, TX, USA,29.702902,-95.524986
Sienna Plantation, TX, USA,29.491011,-95.50724
Willis, TX, USA,30.424929,-95.479942
Bellaire, TX, USA,29.716681,-95.458145
Shanandoah, TX, USA,30.180216,-95.455772
Chelsea, OK, USA,36.535648,-95.432472
Rattan, OK, USA,34.200382,-95.413017
Aldine, TX, USA,29.932932,-95.379761
Trinity, TX, USA,30.94169,-95.377121
Edna, KS, USA,37.059795,-95.359413
Manvel, TX, USA,29.462736,-95.357994
Pryor Creek, OK, USA,36.30724,-95.317642
Warroad, MN, USA,48.904564,-95.315498
Parsons, KS, USA,37.340649,-95.259193
Alvin, TX, USA,29.423847,-95.244102
Whitefield, OK, USA,35.252598,-95.237465
Porter, TX, USA,30.10445,-95.236427
Craft, TX, USA,31.917818,-95.235252
Mount Vernon, TX, USA,33.192158,-95.230522
Galena Park, TX, USA,29.733562,-95.230209
Storm Lake, IA, USA,42.643036,-95.201942
Kingwood, TX, USA,30.057535,-95.1903
Coldspring, TX, USA,30.592421,-95.129379
Channelview, TX, USA,29.776299,-95.113708
Big Sandy, TX, USA,32.586163,-95.113106
Spirit Lake, IA, USA,43.425148,-95.104179
Cleveland, TX, USA,30.33614,-95.09903
Huffman, TX, USA,30.026424,-95.088699
Tonganoxie, KS, USA,39.109722,-95.087746
Seabrook, TX, USA,29.564117,-95.025482
Bacliff, TX, USA,29.506895,-94.992424
Afton, OK,USA,36.691944,-94.96389
Gilmer, TX, USA,32.728809,-94.94281
Livingston, TX, USA,30.717047,-94.942474
San Leon, TX, USA,29.483286,-94.92215
Maryville, MO, USA,40.346104,-94.872475
Miami, OK, USA,36.881817,-94.87175
Savannah, MO, USA,39.941662,-94.830246
Quapaw, OK, USA,36.954514,-94.78801
Broken Bow, OK, USA,34.029278,-94.739105
Lufkin, TX, USA,31.338242,-94.729095
Tenstrike, MN, USA,47.65662,-94.674698
Ferrelview, MO, USA,39.311111,-94.664955
Stilwell, KS, USA,38.767288,-94.65921
Fairway, KS, USA,39.017582,-94.632797
Stilwell, OK, USA,35.819485,-94.627304
Smithville, MO, USA,39.390041,-94.585075
Red Bridge North, MO, USA,38.931774,-94.579025
Citadel, MO, USA,39.015697,-94.565559
Avinger, TX,USA,32.90012,-94.556793
Gladstone, MO, USA,39.203892,-94.55468
Siloam Springs, AR, USA,36.18684,-94.541489
Belton, MO, USA,38.811954,-94.531898
Gentry, AR, USA,36.267567,-94.484863
Hackett, AR, USA,35.188503,-94.412239
Fort Smith, AR, USA,35.385803,-94.403229
Foreman, AR, USA,33.721783,-94.396873
High Island, TX, USA,29.562353,-94.394371
Jefferson, IA, USA,42.023792,-94.373932
Linden, TX, USA,33.011505,-94.365379
Creston, IA, USA,41.058601,-94.361343
Nevada, MO, USA,37.839149,-94.355278
Van Buren, AR, USA,35.436657,-94.348076
Carthage, MO, USA,37.189861,-94.321747
Rutland, IA, USA,42.759743,-94.292297
Hooks, TX, USA,33.466232,-94.288528
Blue Springs, MO, USA,39.021282,-94.288452
Lamar, MO, USA,37.495049,-94.276611
Greenwood, AR, USA,35.222458,-94.251846
Tenaha, TX, USA,31.943781,-94.244087
Mena, AR, USA,34.586216,-94.239655
Tontitown, AR, USA,36.178249,-94.234917
Alma, AR, USA,35.477863,-94.221878
Bentonville, AR, USA,36.372852,-94.208817
Brainerd, MN, USA,46.352673,-94.202011
Afton,IA,USA,41.028057,-94.196945
Mountainburg, AR, USA,35.635731,-94.167915
Winslow, AR, USA,35.800724,-94.134956
Rogers, AR, USA,36.333412,-94.125809
Pea Ridge, AR, USA,36.453827,-94.115143
Burg, AR, USA,34.236862,-94.069794
Mulberry, AR, USA,35.500732,-94.051903
Lester Prairie, MN, USA,44.88385,-94.041641
Charleston, AR, USA,35.297035,-94.036316
Pineland, TX, USA,31.250748,-93.973404
War Eagle, AR, USA,36.267422,-93.941338
Booneville, AR, USA,35.140156,-93.921829
Cleveland, MN, USA,44.325455,-93.834663
Audrey Park, LA, USA,32.554596,-93.829071
Altus, AR, USA,35.44659,-93.761124
Clinton, MO, USA,38.372887,-93.756638
Orange, TX, USA,30.102365,-93.744278
Warrensburg, MO, USA,38.762791,-93.736053
Eureka Springs, AR, USA,36.402637,-93.736
Paris, AR, USA,35.293526,-93.729881
Mansfield, LA, USA,32.018555,-93.717499
Garland City, AR, USA,33.363426,-93.710762
Victoria, MN, USA,44.858723,-93.661537
Gilbert, IA, USA,42.106709,-93.644745
Mt Ida, AR, USA,34.557198,-93.63224
Red Chute, LA, USA,32.555984,-93.613235
Hope, AR, USA,33.669964,-93.590096
Indianola, IA, USA,41.358047,-93.557442
Grand Rapids, MN, USA,47.24041,-93.521255
Pleasant Hill, LA, USA,31.819914,-93.514626
Haughton, LA, USA,32.533283,-93.504807
Reeds Spring, MO, USA,36.749825,-93.378372
Albert Lea, MN, USA,43.6478,-93.368652
Leesville, LA, USA,31.146858,-93.263451
Westlake, LA, USA,30.242149,-93.25071
Lakeville, MN, USA,44.649689,-93.242722
Sedalia, MO, USA,38.714447,-93.24028
Magnolia, AR, USA,33.267071,-93.239334
Branson,MO, USA,36.64418,-93.232727
Saint Anthony, MN, USA,45.020527,-93.217972
Mason City,IA,USA,43.167126,-93.210754
Jasper, AR, USA,36.008144,-93.187302
Harrison, AR, USA,36.229794,-93.107674
Natchitoches, LA, USA,31.760719,-93.086273
Arkadelphia,AK, USA,34.154999,-93.073425
Rogersville,MO, USA,37.115978,-93.060722
Gibsland, LA,USA,32.546726,-93.052208
White Bear Lake, MN, USA,45.085381,-93.008148
Fordland, MO, USA,37.157551,-92.940727
Cottage Grove, MN, USA,44.827374,-92.939644
Hibbing, MN, USA,47.426491,-92.939224
Atkins, AR, USA,35.246422,-92.936302
Marshalltown, IA, USA,42.043236,-92.908066
Kinder, LA, USA,30.485479,-92.8507
Malvern, AR, USA,34.366112,-92.816963
Oak Park Heights, MN, USA,45.03289,-92.793373
Seymour, MO, USA,37.146439,-92.768784
Hudson, WI, USA,44.974758,-92.75808
Morrilton, AR, USA,35.152599,-92.743797
El Dorado, AR, USA,33.20763,-92.666267
Byron, MN, USA,44.030437,-92.645309
Osage Beach, MO, USA,38.150623,-92.615257
Benton, AR, USA,34.563419,-92.586868
Bull Shoals, AR, USA,36.383957,-92.581551
Tama, IA, USA,41.962738,-92.576752
Cotter, AR, USA,36.271179,-92.535439
Woodworth, LA, USA,31.146576,-92.49736
Bryant, AR, USA,34.604614,-92.484558
Waverly, IA, USA,42.727947,-92.469452
Cloquet, MN, USA,46.721771,-92.461182
Pecan Island, LA, USA,29.648451,-92.456177
Conway, AR, USA,35.090328,-92.441559
Mayflower, AR, USA,34.958111,-92.426895
Bloomfield, IA, USA,40.751686,-92.414909
Ball, LA, USA,31.418116,-92.413216
Mountain Home, AR, USA,36.334469,-92.385345
Fairfield Bay, AR, USA,35.594242,-92.277931
North Little Rock, AR, USA,34.769321,-92.267174
Echo, LA, USA,31.112917,-92.239998
Sherwood, AR, USA,34.81509,-92.224312
Proctor, MN, USA,46.746449,-92.221642
Waynesville, MO, USA,37.828651,-92.200722
Greers Ferry, AR, USA,35.577007,-92.17704
Abbeville, LA, USA,29.974649,-92.134293
Mountain View, AR, USA,35.868408,-92.117653
Jacksonville, AR, USA,34.865906,-92.110626
Opelousas, LA, USA,30.53565,-92.070236
Lakeshore, LA, USA,32.535,-92.03389
Heber Springs, AR, USA,35.491467,-92.031258
Birmingham, IA, USA,40.878853,-91.946686
Kingdom City, MO, USA,38.950268,-91.938805
Lonoke, AR, USA,34.783909,-91.900055
Independence, IA, USA,42.468716,-91.889366
Doolittle, MO, USA,37.940006,-91.880966
Ely, MN, USA,47.903236,-91.867088
West Union, IA, USA,42.962757,-91.80822
Searcy, AR, USA,35.246819,-91.733688
Two Harbors, MS, USA,47.022713,-91.670731
Batesville, AR, USA,35.769653,-91.640976
Coralville,IA, USA,41.685734,-91.599709
Hermann, MO, USA,38.704212,-91.437386
Warsaw, IL, USA,40.359211,-91.434601
McGehee, AR, USA,33.630165,-91.39666
Chippewa Falls, WI, USA,44.936905,-91.392937
St. Francisville, LA, USA,30.788073,-91.376846
Eminence,MO, USA,37.150517,-91.357903
Hannibal, MO, USA,39.708736,-91.357063
Galesville, WI, USA,44.081627,-91.349037
Hamilton, IL, USA,40.396435,-91.339043
Ravenden, AR, USA,36.233402,-91.251801
Plaquemine, LA, USA,30.289083,-91.234276
Holly Grove, AR, USA,34.595932,-91.199844
Zachary, LA, USA,30.64852,-91.156494
White Castle, LA, USA,30.169868,-91.14669
Tipton, IA, USA,41.771103,-91.128418
Merrydale, LA, USA,30.501301,-91.108437
Guttenberg, IA, USA,42.789989,-91.102905
Inniswold, LA, USA,30.405748,-91.081894
Muscatine, IA, USA,41.425655,-91.047668
Gonzales, LA, USA,30.238529,-90.920097
Vicksburg, MS, USA,32.363724,-90.891266
Wentzville, MO, USA,38.812962,-90.839767
Bayfield, WI, USA,46.810768,-90.818237
Sparta, WI, USA,43.943054,-90.811668
Blue Grass, IA, USA,41.508919,-90.765976
Bayou Cane, LA, USA,29.626389,-90.748337
Houma, LA, USA,29.59577,-90.719536
Helena, AR, USA,34.529125,-90.590027
De Soto, MO, USA,38.1395,-90.555122
Moline, IL, USA,41.506699,-90.515137
Gurney, WI, USA,46.473831,-90.50843
Bettendorf, IA, USA,41.56049,-90.478592
Hammond, LA, USA,30.504358,-90.461197
Park Falls, WI, USA,45.940647,-90.441513
Bridgeton, MO, USA,38.766994,-90.411507
Yazoo City, MS, USA,32.855133,-90.405647
Loranger, LA, USA,30.635744,-90.398148
Vinita Park, MO, USA,38.689796,-90.343842
Cut Off, LA, USA,29.542717,-90.338135
Mehlville, MO, USA,38.50761,-90.326324
Flora, MS, USA,32.543198,-90.309258
Pearl,MS, USA,32.002098,-90.198975
Port Fourchon, LA, USA,29.10556,-90.194443
Piggott, AS, USA,36.382839,-90.190651
Cahokia, IL, USA,38.570885,-90.190109
West Memphis, AR, USA,35.146919,-90.184792
Marshfield, WI, USA,44.668854,-90.171799
Venice, IL, USA,38.672272,-90.16983
Puxico, MO, USA,36.949776,-90.158432
Granite City, Il, USA,38.703732,-90.139389
Ridgeland, MS, USA,32.428642,-90.131836
Florence, MS, USA,32.153484,-90.131195
Hartford, IL, USA,38.833546,-90.095749
New Orleans, LA, USA,30.001667,-90.092781
Mandeville, LA, USA,30.358252,-90.065628
Arabi, LA, USA,29.95437,-90.005348
Dorsey, IL, USA,38.973656,-90.001495
Hernando, MS, USA,34.823986,-89.993706
Brandon, MS, USA,32.269718,-89.992447
Belle Chasse, LA, USA,29.854929,-89.990623
Glen Carbon, IL, USA,38.752209,-89.98661
Meraux, LA, USA,29.930641,-89.915573
Nekoosa, WI, USA,44.31908,-89.89994
Perryville, MO, USA,37.72422,-89.861221
Bogalusa, LA, USA,30.776999,-89.85746
Magee, MS, USA,31.873772,-89.733688
Mosinee, WI, USA,44.793022,-89.703178
Sterling, IL, USA,41.789211,-89.69503
Rock Falls, IL, USA,41.781605,-89.687027
Litchfield, IL, USA,39.17532,-89.66011
West Peoria, IL, USA,40.692539,-89.627876
Sikeston, MO, USA,36.879444,-89.585281
Stevens Point, WI, USA,44.523483,-89.574814
Plover, WI, USA,44.453205,-89.543983
Sumrall, MS, USA,31.417393,-89.54229
Juda, WI, USA,42.588776,-89.504112
Tremont, IL, USA,40.527485,-89.491158
Chillicothe, IL, USA,40.92226,-89.486198
Fitchburg, WI, USA,43.002316,-89.424095
Purvis, MS, USA,31.143234,-89.40979
Lincoln, IL, USA,40.148376,-89.364815
Murphysboro, IL, USA,37.764496,-89.335091
Oregon, IL, USA,42.014751,-89.332329
Calhoun City, MS, USA,33.855076,-89.311302
Pass Christian, MS, USA,30.315754,-89.247543
Wyatt, MO, USA,36.912483,-89.222168
Spring Valley,IL,USA,41.327221,-89.200836
Watersmeet, MI, USA,46.267834,-89.178299
Three Lakes,WI, USA,45.798218,-89.162628
Peru, IL, USA,41.327534,-89.128975
Waupaca, WI, USA,44.358036,-89.085945
North City, IL, USA,37.990612,-89.060928
El Paso, IL, USA,40.740326,-89.014442
Toone, TN, USA,35.351902,-88.952065
Salem, IL, USA,38.626991,-88.945618
Humboldt, TN, USA,35.825886,-88.91098
D'Iberville, MS, USA,30.426481,-88.89106
Fulton, KY, USA,36.504963,-88.87413
Jefferson, WI, USA,43.005558,-88.807327
Winneconne, WI, USA,44.11084,-88.712227
Shannon, MS, USA,34.116219,-88.711716
Sullivan, IL, USA,39.59948,-88.607841
Pascagoula, MS, USA,30.355101,-88.547913
Effingham, IL, USA,39.120834,-88.54583
Moss Point, MS, USA,30.404119,-88.536865
Elkhorn, WI, USA,42.673855,-88.534012
Baraga, MI, USA,46.779537,-88.490135
Golconda, IL, USA,37.36776,-88.488411
Elburn, IL, USA,41.8922,-88.47126
Grand Chute, WI, USA,44.28159,-88.438408
Calvert City, KY, USA,37.03339,-88.350037
Crystal Lake, IL, USA,42.24342,-88.316978
St. Charles, IL, USA,41.914196,-88.308685
Tishomingo, MS, USA,34.636761,-88.231712
Braidwood, IL, USA,41.265034,-88.21228
Plainfield, IL, USA,41.615913,-88.204071
Eagle Harbor, MI, USA,47.458244,-88.162323
Chilton, WI, USA,44.029728,-88.160301
Carmi, IL, USA,38.092957,-88.15155
Wilmington, IL, USA,41.3116,-88.15052
Bexar, AL, USA,34.190937,-88.147263
Barrington, IL, USA,42.159332,-88.138847
Hoffman Estates, IL, USA,42.062992,-88.122719
Lisle, IL, USA,41.80114,-88.074791
Chickasaw, AL, USA,30.763714,-88.074539
Iron Mountain, MI, USA,45.820232,-88.065964
Palatine, IL, USA,42.114525,-88.036537
Elkhart Lake, WI, USA,43.833328,-88.017876
Itasca, IL, USA,41.975029,-88.007294
Mundelein, IL, USA,42.263161,-88.004036
Addison, IL, USA,41.932297,-87.987267
Wood Dale,IL,USA,41.963055,-87.978333
Oakbrook Terrace, IL, USA,41.84251,-87.957298
Oak Brook, IL, USA,41.840794,-87.952377
Fredonia, WI, USA,43.470554,-87.950645
Elmhurst, IL, USA,41.899773,-87.93998
Bensenville, IL, USA,41.95504,-87.939568
Homer Glen, IL, USA,41.600033,-87.93811
Franksville, WI, USA,42.760017,-87.913414
Daphne, AL, USA,30.603525,-87.903603
Whitefish Bay, WI, USA,43.113209,-87.899971
Fairhope, AL, USA,30.524412,-87.892685
Cudahy, WI, USA,42.95974,-87.861473
Deerfield, IL, USA,42.171139,-87.844513
Dover,TN, USA,36.487827,-87.838356
O'Hare, IL, USA,41.977226,-87.836723
Cadiz,KY, USA,36.867809,-87.83432
Northbrook, IL, USA,42.127525,-87.828957
Norridge, IL, USA,41.963364,-87.827286
Oak Park, IL, USA,41.885033,-87.7845
Bay Minette, AL, USA,30.882963,-87.773048
Skokie, IL, USA,42.033333,-87.747543
Alsip, IL, USA,41.668922,-87.738663
Tuscumbia, AL, USA,34.731201,-87.70253
Gulf Shores, AL, USA,30.246037,-87.700821
Sheffield, AL, USA,34.763912,-87.698586
Foley, AL, USA,30.406288,-87.683792
Crete, IL, USA,41.444481,-87.631432
Greensboro, AL, USA,32.704575,-87.59584
Orange Beach, AL, USA,30.269703,-87.586761
Hegewisch, IL, USA,41.655495,-87.54586
Lansing, IL, USA,41.564896,-87.539299
Whiting, IN, USA,41.683258,-87.501442
Madisonville, KY, USA,37.328102,-87.498886
Marquette, MI, USA,46.547581,-87.395592
Clarksville, TN, USA,36.531273,-87.353775
Marion, AL, USA,32.632355,-87.319168
Bellview, FL, USA,30.461586,-87.314972
Egg Harbor, WI, USA,45.048721,-87.300743
Warrington, FL, USA,30.382648,-87.278481
Ferry Pass, FL, USA,30.506075,-87.218399
Chesterton, IN, USA,41.610596,-87.064201
Crane Hill, AL, USA,34.093838,-87.062775
Selma, AL, USA,32.413734,-87.023911
Athens, AL, USA,34.802868,-86.971672
Tanner, AL, USA,34.73148,-86.970566
Bessemer, AL, USA,33.406509,-86.959877
Hartselle, AL, USA,34.443443,-86.941856
Joelton, TN, USA,36.313107,-86.86528
Montevallo, AL, USA,33.09528,-86.85894
Cullman, AL, USA,34.17482,-86.843613
Pelham, AL, USA,33.285637,-86.810265
Delphi, IN, USA,40.587536,-86.675003
Clanton, AL, USA,32.838737,-86.629425
Ellettsville, IN, USA,39.235405,-86.622765
Hermitage, TN, USA,36.196167,-86.622498
Knox, IN, USA,41.301025,-86.620758
Greenville, AL, USA,31.829594,-86.618065
Fort Walton Beach, FL,USA,30.418776,-86.617928
Hazel Green, AL, USA,34.932308,-86.571938
Fayetteville, TN, USA,35.152027,-86.570549
Mount Juliet, TN, USA,36.207714,-86.513901
Frankfort, IN, USA,40.27948,-86.510834
Destin, FL, USA,30.393534,-86.495781
Big Cove, AL, USA,34.667313,-86.488876
Andalusia, AL, USA,31.308504,-86.483292
Shelbyville, TN, USA,35.484875,-86.459717
Prattville, AL, USA,32.464359,-86.45916
Avon, IN, USA,39.762821,-86.399719
Millbrook, AL, USA,32.479942,-86.362122
Childersburg, AL, USA,33.278118,-86.355881
Brownsville, KY, USA,37.192547,-86.267754
Luverne, AL, USA,31.716545,-86.263847
Opp, AL, USA,31.280674,-86.25589
Niles, MI, USA,41.829769,-86.254173
Sylacauga, AL, USA,33.173172,-86.25164
Wetumpka, AL, USA,32.544617,-86.211563
Tullahoma, TN, USA,35.362022,-86.209435
Perry Township, IN, USA,39.684731,-86.162682
Boaz, AL, USA,34.203083,-86.152084
Freetown, IN, USA,38.973106,-86.129433
Westfield, IN, USA,40.042816,-86.127487
Winchester, TN, USA,35.185917,-86.112206
Talladega, AL, USA,33.435944,-86.105804
Fennville, MI, USA,42.593918,-86.1017
Salem, IN, USA,38.605614,-86.101089
Manchester, TN, USA,35.481743,-86.0886
Lincoln, AL, USA,33.333881,-86.06395
Hesperia, MI, USA,43.568905,-86.039505
Franklin Township, IN, USA,39.692394,-86.028786
Gadsden, AL, USA,34.014362,-86.00634
Nappanee, IN, USA,41.442825,-86.001389
Edinburgh, IN, USA,39.354218,-85.96666
Oaklandon, IN, USA,39.872818,-85.956924
Alexandria, AL, USA,33.774696,-85.885719
Seymour, IN, USA,38.964748,-85.878754
Anniston, AL, USA,33.659824,-85.831635
Marne, MI, USA,43.035553,-85.827797
Marcellus, MI, USA,42.025879,-85.815559
Panama City Beach, FL, USA,30.176592,-85.805489
Henagar, AL, USA,34.635082,-85.767197
Leland, MI, USA,45.022961,-85.760178
Lineville, AL, USA,33.311306,-85.754257
Curtis, MI, USA,46.205975,-85.74823
Audubon Park, KY, USA,38.203926,-85.723228
Fort Payne, AL, USA,34.444256,-85.719582
Texas Charter Township, MI, USA,42.215202,-85.705109
Hillview, KY, USA,38.072151,-85.684776
Croton, MI, USA,43.438911,-85.660881
Parker, FL, USA,30.131855,-85.602203
Callaway, FL, USA,30.136614,-85.576645
Cascade, MI,USA,42.900112,-85.503159
Cookeville, TN, USA,36.162838,-85.50164
Huntington, IN, USA,40.883392,-85.496315
Buckner, KY, USA,38.383678,-85.439957
Millhousen, IN, USA,39.210606,-85.432465
Cadillac, MI, USA,44.251953,-85.401161
Opelika, AL, USA,32.645412,-85.378281
Beauregard, AL, USA,32.54306,-85.370827
Fife Lake, MI, USA,44.57695,-85.350616
Signal Mountain, TN, USA,35.122574,-85.343849
Osgood, IN, USA,39.129219,-85.291626
LaFayette, GA, USA,34.704803,-85.281898
Abbeville, AL, USA,31.571835,-85.250488
Forest Home, MI, USA,44.995365,-85.234726
Laotto, IN, USA,41.290657,-85.197937
Pikeville, TN, USA,35.605621,-85.18885
Rome, GA, USA,34.257038,-85.164673
Auburn, IN, USA,41.365471,-85.065079
LaGrange, GA, USA,33.03788,-85.03006
Crossville, TN, USA,35.963558,-85.02388
Phenix City, AL, USA,32.470978,-85.000763
Coldwater, MI, USA,41.940327,-85.000519
Apalachicola, FL, USA,29.725767,-84.983246
Winchester, IN, USA,40.171989,-84.981354
Villa Rica, GA, USA,33.732067,-84.919395
Lawrenceburg, IN, USA,39.090893,-84.849953
Newnan, GA, USA,33.380985,-84.799362
Chatsworth, GA, USA,34.768803,-84.774902
Danville, KY, USA,37.645634,-84.772171
Grayling, MI, USA,44.661404,-84.714752
Alma, MI, USA,43.378922,-84.659729
Cheviot, OH, USA,39.157001,-84.613281
Dry Ridge, KY, USA,38.682831,-84.591805
Georgetown, KY, USA,38.20443,-84.560326
Smyrna,GA, USA,33.883991,-84.514374
Leary, GA, USA,31.486137,-84.514015
Canton, GA, USA,34.234726,-84.488297
East Lansing, MI, USA,42.737652,-84.483788
Cheboygan, MI, USA,45.650528,-84.476624
Bolton, GA, USA,33.815292,-84.455879
Mason, MI, USA,42.579205,-84.443581
Okemos, MI, USA,42.728855,-84.421005
Havana, FL, USA,30.623808,-84.414627
Riverdale, GA, USA,33.572613,-84.413261
Hapeville, GA, USA,33.66011,-84.410202
Epworth, GA, USA,34.950638,-84.384926
Sanford, MI, USA,43.672806,-84.380554
Monroe, OH, USA,39.440334,-84.36216
Williamson, GA, USA,33.182343,-84.361588
Defiance, OH, USA,41.284492,-84.355782
Pine Hills, GA, USA,33.838715,-84.35083
Mount Vernon, KY, USA,37.352863,-84.340492
Delphos, OH, USA,40.845013,-84.339699
Brookhaven, GA, USA,33.865105,-84.336594
Loudon, TN, USA,35.732853,-84.333809
Renfro Valley, KY, USA,37.387863,-84.331604
Blue Ridge, GA, USA,34.866215,-84.326248
Lovejoy, GA, USA,33.4366,-84.314384
Union, OH, USA,39.897835,-84.306335
Chamblee, GA, USA,33.892048,-84.298813
Decatur, GA, USA,33.77483,-84.29631
Griffin, GA, USA,33.204224,-84.282303
Experiment, GA, USA,33.278774,-84.275284
Continental, OH, USA,41.100327,-84.266335
Continental,OH, USA,41.097401,-84.265778
Stockbridge, GA, USA,33.547119,-84.233727
Moraine, OH, USA,39.703487,-84.221878
Norcross, GA, USA,33.941212,-84.213531
Owosso, MI, USA,42.997807,-84.176636
Wapakoneta, OH, USA,40.566132,-84.170212
Kettering, OH, USA,39.689503,-84.168823
Sidney, OH, USA,40.287384,-84.161453
McDonough, GA, USA,33.447334,-84.146858
Duluth, GA, USA,34.005329,-84.14418
Lilburn, GA, USA,33.890102,-84.142975
Andersonville, GA, USA,32.195881,-84.140106
Gregory, MI, USA,42.458366,-84.084396
Suwanee, GA, USA,34.051491,-84.071297
Suwanee,GA, USA,34.051491,-84.071297
Bellbrook, OH, USA,39.638321,-84.068207
Ola, GA, USA,33.435829,-84.041939
Adrian, MI, USA,41.897549,-84.037163
Powell, TN, USA,36.031666,-84.028053
Chelsea, MI, USA,42.318092,-84.0205
Snellville, GA, USA,33.857327,-84.019913
Buford, GA, USA,34.120655,-84.004349
Hell, MI, USA,42.434719,-83.985001
Dahlonega, GA, USA,34.530617,-83.983467
Thomasville, GA, USA,30.836582,-83.978783
Alcoa, TN, USA,35.789482,-83.97406
Pinconning, MI, USA,43.853634,-83.964989
Fountain City, TN, USA,36.032024,-83.937408
Xenia, OH, USA,39.68478,-83.929649
Doerun, GA, USA,31.319628,-83.917122
Bangor Charter Twp, MI, USA,43.657043,-83.900299
West Point, MS, USA,33.674068,-83.869629
Essexville, MI, USA,43.615299,-83.841919
Cordelia, OH, USA,40.899445,-83.785835
Flat Lick, KY, USA,36.829983,-83.770035
Cleveland, GA, USA,34.596619,-83.762939
Whitmore Lake, MI, USA,42.441193,-83.748436
Mascot, TN, USA,36.061195,-83.745735
Helen, GA, USA,34.701485,-83.731567
Waterville, OH, USA,41.500885,-83.718269
Rutland, GA, USA,32.741207,-83.655403
Findlay, OH,USA,41.042778,-83.64222
Ypsilanti, MI, USA,42.24115,-83.612991
Statham, GA, USA,33.965115,-83.596558
Omega, GA, USA,31.341019,-83.593498
Quitman, GA, USA,30.78492,-83.559883
Bogart, GA, USA,33.94928,-83.534607
Maybee, MI, USA,42.003933,-83.515488
Gatlinburg, TN, USA,35.71426,-83.510162
Tifton, GA, USA,31.450462,-83.508499
Oregon, OH, USA,41.643661,-83.486877
Eldorado, GA, USA,31.353798,-83.485443
Van Buren Charter Township, MI, USA,42.221622,-83.485153
London, OH, USA,39.896042,-83.444595
Alpena,MN, USA,45.069157,-83.437386
Morehead, KY, USA,38.183971,-83.432686
Fostoria, OH, USA,41.156944,-83.419876
Hahira, GA, USA,30.991306,-83.372658
Lapeer, MI, USA,43.051414,-83.318832
Inkster, MI, USA,42.295582,-83.310143
Morristown, TN, USA,36.213982,-83.294891
Upper Sandusky, OH, USA,40.827278,-83.281311
Castle Rouge, MI, USA,42.381088,-83.268517
West Liberty, KY, USA,37.921474,-83.259621
Milledgeville, GA, USA,33.080929,-83.228668
Danielsville, GA, USA,34.124275,-83.22126
Tiffin, OH, USA,41.119038,-83.177628
Melvindale, MI, USA,42.284927,-83.17749
Trenton, MI, USA,42.14109,-83.177055
Cullowhee, NC, USA,35.313709,-83.176537
Hilliard, OH, USA,40.034443,-83.142776
Ferndale, MI, USA,42.459942,-83.142471
Nevada, OH, USA,40.819225,-83.13047
Portsmouth, OH, USA,38.739155,-82.99424
Bucyrus, OH, USA,40.808392,-82.975464
Obetz, OH, USA,39.878952,-82.950737
Fraser, MI, USA,42.537651,-82.946434
Circleville, OH, USA,39.600616,-82.946014
Clinton Township, MI, USA,42.586887,-82.919548
Huber Ridge, OH, USA,40.088676,-82.916573
Flat Gap,KY,USA,37.934166,-82.887497
Gahanna, OH, USA,40.021568,-82.879143
Franklin Furnace, OH, USA,38.621212,-82.848129
Clemson, SC, USA,34.683437,-82.837364
North Redington Beach, FL, USA,27.814787,-82.812881
Seminole, FL, USA,27.839746,-82.791214
Tarpon Springs, FL, USA,28.147196,-82.75679
St. Pete Beach, FL, USA,27.724722,-82.741943
Holiday, FL, USA,28.18779,-82.739548
Holmes Beach, FL, USA,27.495316,-82.71093
Meads, KY, USA,38.412582,-82.709053
Sandusky, OH, USA,41.44894,-82.707962
Trinity, FL, USA,28.180651,-82.680458
Shelby, OH, USA,40.881447,-82.661842
Longboat Key, FL, USA,27.412542,-82.658989
Norwalk, OH, USA,41.242554,-82.61573
Catlettsburg, KY, USA,38.404884,-82.600311
Lancaster, OH, USA,39.719769,-82.598259
Crystal River, FL, USA,28.902479,-82.592598
Homosassa Springs, FL, USA,28.803705,-82.576134
Odessa, FL, USA,28.183554,-82.557617
Vamo, FL, USA,27.223188,-82.491188
Powdersville, SC, USA,34.791306,-82.490334
Lutz, FL, USA,28.151123,-82.461479
Beverly Hills, FL, USA,28.916925,-82.458153
Newark,OH, USA,40.058121,-82.416664
Logan, OH, USA,39.531254,-82.409393
Apollo Beach, FL, USA,27.773085,-82.407593
Del Rio, FL, USA,28.008854,-82.399872
Abbeville, SC, USA,34.181702,-82.378578
Wesley Chapel, FL, USA,28.182894,-82.364174
Waycross, GA, USA,31.214123,-82.356094
Englewood, FL, USA,26.962006,-82.352592
Sun City Center, FL, USA,27.718086,-82.351761
Riverview, FL, USA,27.866137,-82.326485
Gainesville, FL, USA,29.651634,-82.324829
Taylors, SC, USA,34.920395,-82.296227
Boca Grande, FL, USA,26.748959,-82.262039
Bloomingdale, FL, USA,27.883505,-82.254997
Nelsonville,OH,USA,39.460815,-82.233994
Dade City, FL, USA,28.364725,-82.195915
Bristol, VA, USA,36.595787,-82.184898
Zephyrhills, FL, USA,28.23362,-82.181198
Lithia, FL, USA,27.819075,-82.149048
Athens, OH, USA,39.329239,-82.101257
Sheffield Lake, OH, USA,41.487549,-82.101242
Spruce Pine, NC, USA,35.915401,-82.06456
Sumterville,FL, USA,28.747494,-82.063065
Silver Springs, FL, USA,29.216389,-82.057777
Webster, FL, USA,28.611198,-82.054398
Burnt Store Marina, FL, USA,26.765068,-82.050926
North Ridgeville, OH, USA,41.389492,-82.019035
Hurricane, WV, USA,38.440681,-82.014999
Nahunta, GA, USA,31.209278,-81.978951
Abingdon, VA, USA,36.709831,-81.977348
Enoree, SC, USA,34.656513,-81.965096
Mulberry, FL, USA,27.896742,-81.962128
Millen, GA, USA,32.80405,-81.94928
Fort Myers Beach, FL, USA,26.451555,-81.948273
North Olmsted, OH, USA,41.415604,-81.92347
Jesup, GA, USA,31.608931,-81.883141
Coshocton, OH, USA,40.272015,-81.859573
Naples, FL, USA,26.177624,-81.806946
Bonita Springs,FL, USA,26.338654,-81.775017
Lakeside, FL, USA,30.129963,-81.76815
Parma Heights, OH, USA,41.39587,-81.759224
Winter Haven, FL, USA,28.022243,-81.732857
Buckingham, FL, USA,26.67507,-81.732025
Tavares, FL, USA,28.804157,-81.725632
Olga, FL, USA,26.720238,-81.716568
Orange Park, FL, USA,30.166075,-81.706482
South Charleston, WV, USA,38.368553,-81.699883
War,WV,USA,37.30212,-81.690674
Kingsland, GA, USA,30.799955,-81.689827
Palatka, FL, USA,29.652851,-81.653824
Copley, OH, USA,41.098946,-81.644569
Fruit Cove, FL, USA,30.111074,-81.641762
Norton, OH, USA,41.029041,-81.638695
Four Corners, FL, USA,28.329739,-81.631882
Oceana, WV, USA,37.692055,-81.624001
Union, SC, USA,34.715412,-81.623711
Yulee, FL, USA,30.631903,-81.606483
Garfield Heights, OH, USA,41.416996,-81.605957
Lake Wales, FL, USA,27.901413,-81.585907
Welch, WV, USA,37.432892,-81.584549
Belpre, OH, USA,39.273964,-81.572906
Loughman, FL, USA,28.241753,-81.566956
Brackridge, FL, USA,30.274679,-81.566498
Shaker Heights, OH, USA,41.473942,-81.537064
Windermere, FL, USA,28.49556,-81.534798
Celebration, FL, USA,28.325289,-81.533127
Tazewell, VA, USA,37.116219,-81.518394
Marion, VA, USA,36.83403,-81.517044
Cudjoe Key, FL, USA,24.671532,-81.498421
Doctor Phillips, FL, USA,28.450096,-81.491447
Richville, OH, USA,40.751171,-81.477898
Dover, OH, USA,40.520618,-81.474007
Fernandina Beach, FL, USA,30.669956,-81.46096
Orlovista, FL, USA,28.538336,-81.46035
New Philadelphia, OH, USA,40.489578,-81.445526
Summerland Key, FL, USA,24.661337,-81.444847
Hunters Creek, FL, USA,28.360563,-81.422295
Neptune Beach, FL, USA,30.312866,-81.396606
Sky Lake, FL, USA,28.453226,-81.389015
Everglades, FL, USA,25.858244,-81.385071
Sawgrass, FL, USA,30.203632,-81.377426
Chapin, SC, USA,34.165977,-81.349823
Russell Township, OH, USA,41.462605,-81.340012
Longwood, FL, USA,28.703053,-81.338402
Sylvan Shores, FL, USA,27.319162,-81.337975
Springfield, GA, USA,32.37648,-81.322174
Lake Mary, FL, USA,28.762241,-81.318398
St. Augustine, FL, USA,29.901243,-81.312431
DeLand, FL, USA,29.028318,-81.303116
Saint Cloud, FL, USA,28.230556,-81.285278
Painesville, OH, USA,41.724487,-81.245659
Narcoossee, FL, USA,28.298056,-81.239166
Lexington, SC, USA,33.981537,-81.236214
Lake Hart, FL, USA,28.387966,-81.22834
Irmo, SC, USA,34.085983,-81.183151
Garden City, GA, USA,32.114372,-81.153999
Oak Hill, WV, USA,37.974361,-81.147392
Burton, OH, USA,41.470608,-81.145103
Rocky Gap, VA, USA,37.24234,-81.107315
Fayetteville, WV, USA,38.052887,-81.103989
Gaston, SC, USA,33.819374,-81.10228
Marathon, FL, USA,24.723757,-81.081161
Hardeeville, SC, USA,32.287205,-81.081032
Cayce, SC, USA,33.96571,-81.073982
Ormond Beach, FL, USA,29.285812,-81.055885
Holly Hill, FL, USA,29.247166,-81.038933
Bamberg, SC, USA,33.2971,-81.034821
Forest Acres, SC, USA,34.019321,-80.989815
Blythewood, SC, USA,34.214317,-80.973976
Catawba, SC, USA,34.852917,-80.903595
Bluffton, SC, USA,32.237148,-80.86039
Cornelius, NC, USA,35.487167,-80.858528
Davidson, NC, USA,35.499302,-80.848686
Mims, FL, USA,28.665274,-80.84478
Huntersville, NC, USA,35.410694,-80.84285
Forest Hill, WV,USA,37.57,-80.789444
Cocoa, FL, USA,28.386116,-80.741997
Newell, NC, USA,35.291492,-80.716179
Sutton, WV, USA,38.664543,-80.709816
Ripplemead, VA, USA,37.337902,-80.687134
Boardman, OH, USA,41.024227,-80.662849
Mint Hill, NC, USA,35.173538,-80.657028
Indian Trail, NC, USA,35.081707,-80.656815
West Melbourne, FL, USA,28.071672,-80.653603
Steubenville, OH, USA,40.369255,-80.633034
Kannapolis, NC, USA,35.487362,-80.621735
Poland, OH, USA,41.024227,-80.614792
Cocoa Beach, FL, USA,28.320007,-80.607552
Hubbard, OH, USA,41.150429,-80.569885
Malabar, FL, USA,28.003229,-80.566048
Melbourne Beach, FL, USA,28.070061,-80.561104
Bethany, WV, USA,40.205627,-80.55674
Micco, FL, USA,27.879143,-80.497513
Sebastian, FL, USA,27.816416,-80.470612
Weston, WV, USA,39.038425,-80.467316
Hermitage, PA, USA,41.236511,-80.453911
Key Largo, FL, USA,25.086515,-80.447281
Lewisburg, WV, USA,37.801788,-80.445633
Pinnacle, NC, USA,36.332829,-80.438805
Mount Pleasant, NC, USA,35.401085,-80.428505
Blacksburg, VA, USA,37.229572,-80.41394
Vero Beach, FL, USA,27.638643,-80.39727
Pageland, SC, USA,34.773346,-80.388847
Jefferson, SC, USA,34.650345,-80.388824
Clemmons, NC, USA,36.021526,-80.381996
Marshville, NC, USA,34.988487,-80.367004
Clarksburg, WV, USA,39.281567,-80.344215
Ellwood City, PA, USA,40.861729,-80.286453
Stuart, VA, USA,36.640968,-80.26561
Aliquippa, PA, USA,40.615002,-80.263054
Welcome, NC, USA,35.902916,-80.256996
Loxahatchee, FL, USA,26.77136,-80.243454
Moon, PA, USA,40.516975,-80.221352
Albemarle, NC, USA,35.350143,-80.200058
Mill Point, WV, USA,38.158176,-80.180901
Summerville, SC, USA,33.018505,-80.175652
Key Biscayne, FL, USA,25.699347,-80.162392
Greenacres, FL, USA,26.635183,-80.139084
Norwood, NC, USA,35.219589,-80.11895
Jupiter, FL, USA,26.934225,-80.094208
Wadesboro, NC, USA,34.968208,-80.076729
Juno Ridge, FL, USA,26.848116,-80.062263
Salem, VA, USA,37.293468,-80.054764
Green Tree, PA, USA,40.417435,-80.04847
Philippi, WV, USA,39.152321,-80.040359
McCandless, PA, USA,40.576511,-80.029289
Mars, PA, USA,40.696518,-80.010857
Morgantown, WV, USA,39.629524,-79.955894
Etna, PA, USA,40.504234,-79.948944
Roanoke, VA, USA,37.270969,-79.941429
Cloverdale, VA, USA,37.36153,-79.913673
Stoneville, NC, USA,36.466526,-79.906982
Butler, PA, USA,40.861176,-79.895332
Wirtz, VA, USA,37.076916,-79.89016
Elkins, WV, USA,38.930573,-79.846916
Asheboro, NC, USA,35.707748,-79.813797
Eden, NC, USA,36.488472,-79.766701
Isle of Palms, SC, USA,32.819412,-79.734383
Browns Summit, NC, USA,36.21278,-79.713158
Liberty, NC, USA,35.85347,-79.571693
Foxfire, NC, USA,35.17543,-79.571426
Vandergrift, PA, USA,40.602844,-79.564766
Davis, WV, USA,39.128719,-79.464775
Southern Pines, NC, USA,35.174046,-79.392258
Whispering Pines, NC, USA,35.255711,-79.372253
Sanford, NC, USA,35.479961,-79.18058
Maysville, WV, USA,39.115612,-79.163231
Petersburg, WV, USA,38.99744,-79.125771
Litchfield by the Sea, SC, USA,33.476269,-79.101395
Staunton, VA, USA,38.149574,-79.071693
Chapel Hill, NC, USA,35.9132,-79.055847
Rex, NC, USA,34.857109,-79.049194
Murrells Inlet, SC, USA,33.547619,-79.045128
Stuarts Draft, VA, USA,38.030136,-79.033638
Lewiston, NY, USA,43.177139,-79.030838
Seward, PA, USA,40.414238,-79.020027
Lumberton, NC, USA,34.624237,-79.004143
Socastee, SC, USA,33.687496,-79.000969
Hope Mills, NC,USA,34.970554,-78.956665
Halifax, VA, USA,36.765972,-78.928345
Johnstown, PA, USA,40.328487,-78.914452
South Boston, VA, USA,36.69875,-78.901398
Eden, NY, USA,42.652283,-78.89698
Wheatfield, NY, USA,43.09222,-78.894997
Myrtle Beach, SC, USA,33.68906,-78.886696
Afton, VA, USA,38.032578,-78.839027
Gorman, NC, USA,36.035931,-78.823471
Cherry Tree, PA, USA,40.726456,-78.806694
Eastover, NC, USA,35.084263,-78.795776
Vander, NC, USA,35.0322,-78.794426
Orchard Park, NY, USA,42.764153,-78.75206
Williamsville, NY, USA,42.963947,-78.737808
Buies Creek, NC, USA,35.413216,-78.735573
Whiteville, NC, USA,34.345703,-78.708115
Crozet, VA, USA,38.06958,-78.700577
North Myrtle Beach, SC, USA,33.818096,-78.679977
Little River, SC, USA,33.877258,-78.617477
Grampian, PA, USA,40.965893,-78.613083
Calabash, NC, USA,33.890892,-78.567528
Clarksville, VA, USA,36.623898,-78.556664
Somerset, NY, USA,43.347683,-78.555656
Sunset Beach, NC, USA,33.88073,-78.51223
Olean, NY, USA,42.083637,-78.429924
Shallotte, NC, USA,33.973228,-78.385834
Smithfield, NC, USA,35.508495,-78.339447
Holden Beach, NC, USA,33.914162,-78.306961
Albion, NY, USA,43.246449,-78.193634
Batavia, NY, USA,42.998116,-78.187515
Hancock, MD, USA,39.698982,-78.179726
Rush Township, PA, USA,40.852734,-78.179245
Crewe, VA, USA,37.173206,-78.123337
Macon, NC, USA,36.438759,-78.083878
Southport, NC, USA,33.921562,-78.020271
Berrys, VA, USA,39.038609,-77.996941
Wilson, NC, USA,35.721268,-77.915543
Silver Lake,NC, USA,34.14946,-77.914185
Sea Breeze, NC, USA,34.064465,-77.897446
Goochland, VA, USA,37.684143,-77.885376
Charles Town, WV, USA,39.28899,-77.859718
Ogden, NC, USA,34.273178,-77.818047
Alfred, NY, USA,42.254238,-77.79055
Bellefonte, PA, USA,40.913395,-77.778336
Henrietta, NY, USA,43.059246,-77.612801
Chambersburg, PN, USA,40.0289,-77.590698
Nokesville, VA, USA,38.69873,-77.579712
Waynesboro, PA, USA,39.755928,-77.577766
Lewistown,PA, USA,40.606915,-77.56691
Pittsford, NY, USA,43.090984,-77.515175
Laurel, VA, USA,37.646152,-77.511429
Millheim, PA, USA,40.8909,-77.476662
Penfield, NY, USA,43.130341,-77.475548
Manassas, VA, USA,38.75066,-77.475143
Ruther Glen, VA, USA,37.929035,-77.465286
Fairport, NY, USA,43.098675,-77.44194
Chantilly, VA, USA,38.89798,-77.438683
Sterling, VA, USA,39.006699,-77.429131
Jacksonville, NC, USA,34.753956,-77.428955
Aquia Harbour, VA, USA,38.462624,-77.38887
Mechanicsville, VA, USA,37.608757,-77.373314
Bethel, VA, USA,38.655689,-77.307205
Quantico, VA, USA,38.522923,-77.290077
New Market, MD, USA,39.382603,-77.269424
Vienna, VA, USA,38.901222,-77.265259
Lorton, VA, USA,38.704281,-77.22776
Carlisle, PA, USA,40.202278,-77.196548
Brookmont, MD, USA,38.942055,-77.120255
Swansboro, NC, USA,34.689404,-77.116982
Aylett, VA, USA,37.788624,-77.109947
Mansfield, PA, USA,41.806942,-77.078041
Chevy Chase, MD, USA,38.994915,-77.077202
Olney, MD, USA,39.153164,-77.066925
Penn Yan, NY, USA,42.660904,-77.053856
New Bern, NC, USA,35.108494,-77.044113
James City, NC, USA,35.088772,-77.03495
Accokeek, MD, USA,38.667618,-77.028313
Port Tobacco, MD, USA,38.509995,-77.01947
Mechanicsburg, PA, USA,40.214256,-77.008591
Westminster, MD, USA,39.575378,-76.995811
Chillum, MD, USA,38.963722,-76.990807
Oxon Hill, MD, USA,38.803055,-76.989723
East Berlin, PA, USA,39.937595,-76.978592
Dundee, NY, USA,42.524338,-76.975067
College Park, MD, USA,38.989697,-76.937759
Enola, PA, USA,40.291115,-76.933563
Fulton, MD, USA,39.151169,-76.92305
Cheverly, MD, USA,38.928165,-76.91581
Lewisburg, PA, USA,40.965027,-76.883484
Southport, NY, USA,42.05949,-76.830826
Elmira, NY, USA,42.084972,-76.798553
Muncy,PA,USA,41.201942,-76.786392
Hughesville, MD,USA,38.533611,-76.782219
Jessup, MD, USA,39.149498,-76.776154
Merry Hill, NC,USA,36.011944,-76.772499
Rockefeller, PA, USA,40.824463,-76.745193
Fort Meade, MD, USA,39.113762,-76.726776
Pikesville, MD, USA,39.374271,-76.722473
Hershey, PA, USA,40.285519,-76.650589
Edenton, NC, USA,36.057938,-76.607719
Palmyra, PA, USA,40.308979,-76.5933
Carrollton, VA, USA,36.946869,-76.561111
Shamokin, PA, USA,40.788975,-76.558846
Deale, MD, USA,38.780449,-76.555656
Parkville, MD, USA,39.378231,-76.538055
Sayre, PA, USA,41.978962,-76.515495
Piney Point, MD, USA,38.138336,-76.512222
California, MD, USA,38.301792,-76.511192
Oswego, NY, USA,43.455345,-76.510498
Arnold, MD, USA,39.031719,-76.504326
Hayes, VA, USA,37.278198,-76.503838
Ithaca, NY, USA,42.443962,-76.501884
Lebanon, PA, USA,40.340923,-76.411346
Bel Air North, MD, USA,39.557583,-76.398453
Forest Hill, MD, USA,39.58503,-76.387672
Bel Air, MD, USA,39.535492,-76.347343
Poquoson, VA, USA,37.120907,-76.333694
Lititz, PA, USA,40.157318,-76.3069
Dryden, NY, USA,42.490906,-76.297157
Colley, PA, USA,41.534519,-76.286324
Willow Street, PA, USA,39.974308,-76.274582
Liverpool, NY, USA,43.105408,-76.216949
Newark Valley, NY, USA,42.223179,-76.184349
Shickshinny, PA, USA,41.153137,-76.150208
Central Square, NY, USA,43.286736,-76.146034
Glenwood, VA, USA,36.769169,-76.143333
Pulaski, NY, USA,43.567013,-76.127701
Perryville, MD, USA,39.560112,-76.071342
Hazleton, PA, USA,40.95842,-75.974648
Bridgeport, NY, USA,43.155346,-75.96936
Johnson City, NY, USA,42.115929,-75.957199
Preston, MD,USA,38.710835,-75.908333
Corolla, NC, USA,36.380287,-75.83078
Factoryville, PA, USA,41.563133,-75.782692
Fort Drum, NY, USA,44.042332,-75.758163
Pottstown, PA, USA,40.245373,-75.649628
Orefield, PA, USA,40.634953,-75.58493
Harrington, DE, USA,38.928432,-75.572548
Moscow, PA, USA,41.33675,-75.518517
Malvern, PA, USA,40.036217,-75.513809
Glen Mills, PA, USA,39.901627,-75.510345
Emmaus, PA, USA,40.539543,-75.496849
Ogdensburg, NY, USA,44.694229,-75.486336
Penns Grove, NJ, USA,39.731625,-75.467003
Marcus Hook, PA, USA,39.823029,-75.414413
Georgetown, DE, USA,38.690113,-75.385475
Lake Ariel, PA, USA,41.453976,-75.382683
King of Prussia, PA, USA,40.103844,-75.382324
Logan Township, NJ, USA,39.789387,-75.341904
Quakertown, PA, USA,40.441769,-75.341568
Norristown, PA, USA,40.121498,-75.339905
New Berlin, NY, USA,42.624241,-75.331558
Bryn Mawr, PA, USA,40.024197,-75.318314
Alloway Township, NJ, USA,39.557564,-75.315445
Swedesboro, NJ, USA,39.747616,-75.310463
Conshohocken, PA, USA,40.079277,-75.301575
Lansdale, PA, USA,40.241493,-75.283783
Blue Bell, PA, USA,40.152332,-75.266289
Honesdale, PA, USA,41.576756,-75.258789
Bala Cynwyd, PA, USA,40.013142,-75.230408
Selbyville, DE, USA,38.459152,-75.227951
Easton, PA, USA,40.688431,-75.220734
Thorofare, NJ, USA,39.842209,-75.196938
Phillipsburg, NJ, USA,40.695217,-75.19558
Stroudsburg, PA, USA,40.986759,-75.194626
Hawley, PA, USA,41.475922,-75.182121
Lopatcong, NJ, USA,40.70639,-75.163887
Ocean Pines, MD, USA,38.395393,-75.155739
Woodbury, NJ, USA,39.838169,-75.152679
Harmony, NJ, USA,40.746765,-75.137398
Camden, NJ, USA,39.925945,-75.119621
Willow Grove, PA, USA,40.144772,-75.116409
Glassboro, NJ, USA,39.702892,-75.111839
Milford, NJ, USA,40.568714,-75.09462
Mount Ephraim, NJ, USA,39.878448,-75.092674
Ocean City, MD, USA,38.336502,-75.084908
Oneonta, NY, USA,42.452858,-75.063774
Bethany Beach,DE, USA,38.539555,-75.055183
Millville, NJ, USA,39.402061,-75.039345
Haddonfield, NJ, USA,39.891556,-75.037888
Somerdale, NJ, USA,39.84547,-75.020569
Bushkill, PA, USA,41.09343,-75.001839
Oxford Township, NJ, USA,40.813255,-74.999809
Williamstown, NJ, USA,39.686226,-74.995171
Lindenwold,NJ,USA,39.817226,-74.988892
Stockton, NJ, USA,40.40794,-74.978287
Holland, PA, USA,40.201031,-74.972229
Blairstown, NJ, USA,40.983219,-74.959724
Pittstown, NJ, USA,40.58276,-74.95871
Delanco, NJ, USA,40.050667,-74.953499
Cumberland, NJ, USA,39.374783,-74.938408
Langhorne, PA, USA,40.174553,-74.922668
Flemington, NJ, USA,40.512325,-74.859329
East Amwell Township, NJ, USA,40.438587,-74.857407
Medford, NJ, USA,39.865871,-74.838997
Hackettstown, NJ, USA,40.853989,-74.829056
North Wildwood, NJ, USA,39.000668,-74.799332
Ewing Township, NJ, USA,40.259987,-74.790909
Pennington, NJ, USA,40.324924,-74.78878
Mt Holly, NJ, USA,39.993145,-74.787941
Worcester, NY, USA,42.591717,-74.750504
Roxbury Township, NJ, USA,40.869328,-74.663467
New Lisbon,NJ,USA,39.958057,-74.625999
West Windsor Township, NJ, USA,40.298325,-74.618637
Egg Harbor Township, NJ, USA,39.378292,-74.599777
Bernards, NJ, USA,40.676575,-74.567955
Middlesex, NJ, USA,40.572601,-74.492653
Morristown, NJ, USA,40.796768,-74.481544
Denville, NJ, USA,40.892323,-74.477379
Piscataway Township, NJ, USA,40.560806,-74.465591
Parsippany-Troy Hills, NJ, USA,40.866959,-74.417374
East Brunswick, NJ, USA,40.432838,-74.399071
Englishtown, NJ, USA,40.297333,-74.358208
Florida, NY, USA,41.332741,-74.356667
Malone, NY, USA,44.84866,-74.294899
Wayne, NJ, USA,40.925373,-74.276543
Maplewood, NJ, USA,40.72998,-74.271996
Ringwood, NJ,USA,41.103962,-74.271141
Paul Smiths, NY, USA,44.438362,-74.252602
Windham, NY, USA,42.307308,-74.25209
Matawan, NJ, USA,40.414829,-74.229591
Cedar Grove, NJ, USA,40.851788,-74.229034
Irvington, NJ, USA,40.726429,-74.228813
Carteret, NJ, USA,40.577328,-74.228203
Montrose, NJ, USA,40.30167,-74.221672
Montclair, NJ, USA,40.830509,-74.204742
Brant Beach, NJ, USA,39.623974,-74.19754
Beachwood, NJ, USA,39.939224,-74.192558
Wyckoff, NJ, USA,41.009533,-74.172913
Kearny, NJ, USA,40.771702,-74.144669
Elmwood Park, NJ, USA,40.903988,-74.118477
Rutherford, NJ, USA,40.826488,-74.106812
Rochelle Park, NJ, USA,40.907288,-74.075455
Paramus, NJ, USA,40.944542,-74.075417
Ortley Beach, NJ, USA,39.955673,-74.074303
Point Pleasant, NJ, USA,40.083721,-74.06691
Secaucus, NJ, USA,40.789543,-74.056534
Clintondale, NY, USA,41.694817,-74.051254
Manasquan, NJ, USA,40.113693,-74.037636
Cornwall, NY, USA,41.434338,-74.03537
Altamont, NY, USA,42.70063,-74.033737
Newburgh, NY, USA,41.512177,-74.018326
Asbury Park, NJ, USA,40.22039,-74.012085
Nanuet, NY, USA,41.094875,-74.009743
Bergenfield, NJ, USA,40.927601,-73.99736
Highlands, NJ, USA,40.403721,-73.991524
Beacon, NY, USA,41.508064,-73.977554
Cold Spring, NY, USA,41.420094,-73.954582
New Hamburg, NY, USA,41.588428,-73.945137
Piermont, NY, USA,41.041168,-73.917236
Rhinebeck, NY, USA,41.932423,-73.910522
Croton-on-Hudson, NY, USA,41.210171,-73.898506
Feura Bush, NY, USA,42.577885,-73.878922
Putnam Valley, NY, USA,41.335926,-73.874023
Catskill, NY, USA,42.217312,-73.864571
Tarrytown, NY, USA,41.076206,-73.858749
Sleepy Hollow, NY, USA,41.085651,-73.858467
Ozone Park, NY, USA,40.681938,-73.846146
Bronxville, NY,USA,40.939999,-73.826111
Clifton Park, NY, USA,42.84552,-73.818871
Hudson, NY, USA,42.252865,-73.790962
Glenmont, NY, USA,42.605202,-73.769897
Kings Point, NY, USA,40.819824,-73.73513
Valley Stream, NY, USA,40.664268,-73.708466
Hewlett, NY, USA,40.643158,-73.695686
Lynbrook, NY, USA,40.654823,-73.671799
Port Chester, NY, USA,41.001762,-73.66568
Rockville Centre, NY, USA,40.658714,-73.641243
Mineola, NY, USA,40.749229,-73.641113
Wynantskill, NY, USA,42.694107,-73.64061
South Glens Falls, NY, USA,43.300217,-73.635307
Garden City, NY, USA,40.728657,-73.631744
Pawling, NY, USA,41.562038,-73.602631
Mianus, CT, USA,41.041248,-73.596001
Old Greenwich, CT, USA,41.023262,-73.565208
East Meadow, NY, USA,40.713566,-73.559479
Jericho, NY, USA,40.792046,-73.539848
Stephentown, NY,USA,42.544445,-73.416115
Ticonderoga, NY, USA,43.851845,-73.415817
Brookfield, CT, USA,41.482594,-73.409569
Centerport, NY, USA,40.899761,-73.367905
Charlotte, VT, USA,44.309662,-73.261215
Shelburne, VT, USA,44.389759,-73.231232
Trumbull, CT, USA,41.246777,-73.202026
East Islip, NY, USA,40.732071,-73.18618
Castleton, VT, USA,43.610622,-73.179832
Nesconset, NY, USA,40.846111,-73.150558
North Adams, MA, USA,42.700916,-73.108711
Dorset, VT, USA,43.256207,-73.099594
Williston, VT, USA,44.445442,-73.099197
Brandon, VT, USA,43.795044,-73.088524
Becket, MA, USA,42.331989,-73.082939
Winsted, CT, USA,41.921207,-73.060104
Orange, CT, USA,41.278637,-73.026527
Woodbridge, CT, USA,41.353233,-73.008781
Hartland, CT, USA,41.996204,-72.979546
Rutland, VT, USA,43.610622,-72.972603
Shirley, NY, USA,40.801487,-72.867599
North Haven, CT, USA,41.390915,-72.859543
Branford, CT, USA,41.279903,-72.814117
Rochester, VT, USA,43.874565,-72.808022
Farmington, CT, USA,41.736698,-72.793388
Southwick, MA, USA,42.054779,-72.770142
Waterbury Center, VT, USA,44.376896,-72.718948
Stowe, VT, USA,44.475277,-72.702225
Whately, MA, USA,42.440655,-72.635025
Agawam, MA, USA,42.063057,-72.613449
Montpelier, VT, USA,44.260059,-72.575386
Clinton, CT, USA,41.285545,-72.528305
Putney, VT, USA,42.979034,-72.520409
Amherst, MA, USA,42.340382,-72.496819
Southold, NY, USA,41.065018,-72.427071
West Lebanon, NH, USA,43.646214,-72.309898
Norwich, VT, USA,43.715347,-72.307869
Keene, NH, USA,42.934307,-72.283859
Marlow, NH, USA,43.11591,-72.197029
East Hampton, NY, USA,40.963432,-72.184799
Holland, MA, USA,42.065163,-72.159836
Sunapee, NH, USA,43.387573,-72.08786
Winchendon, MA, USA,42.687099,-72.043953
Rindge, NH, USA,42.751198,-72.009804
Lyndon, VT, USA,44.545307,-72.000069
Bennington, NH, USA,42.996883,-71.91642
New Ipswich, NH, USA,42.748055,-71.854164
Ashby, MA, USA,42.677277,-71.81871
Northbridge, MA, USA,42.15163,-71.649445
Bolton, MA, USA,42.434177,-71.608711
Pepperell, MA, USA,42.665924,-71.588432
Marlborough, MA, USA,42.345463,-71.551628
Smithfield, RI, USA,41.922108,-71.549637
North Smithfield, RI, USA,41.966766,-71.549507
Southborough, MA, USA,42.305649,-71.524506
Wakefield, RI, USA,41.438171,-71.501556
Narragansett,RI, USA,41.447807,-71.450188
Stark, NH, USA,44.601326,-71.424805
Newport, RI, USA,41.490578,-71.310196
Lincoln, MA, USA,42.425926,-71.303947
Westwood, MA, USA,42.213985,-71.224503
Burlington, MA, USA,42.508045,-71.197929
Norton, MA, USA,41.96677,-71.186996
Northwood, NH, USA,43.194248,-71.150894
North Andover, MA, USA,42.698586,-71.131844
Somerset, MA, USA,41.769543,-71.128616
North Conway, NH, USA,44.05368,-71.128403
Brookline, MA, USA,42.332218,-71.121483
Merrimac, MA, USA,42.834057,-71.000549
Effingham, NH, USA,43.761189,-70.996452
Braintree, MA, USA,42.208176,-70.995712
Winthrop, MA, USA,42.377815,-70.981133
South Hampton, NH, USA,42.882881,-70.962837
Danvers, MA, USA,42.575001,-70.932121
Swampscott, MA, USA,42.469818,-70.919327
Nahant, MA, USA,42.426517,-70.918869
Rockland, MA, USA,42.130657,-70.916153
Beverly, MA, USA,42.55843,-70.880051
Salisbury, MA, USA,42.841724,-70.860596
Hiram, ME, USA,43.834171,-70.831779
Portsmouth, NH, USA,43.071568,-70.762245
Kittery, ME, USA,43.088127,-70.736137
Scituate, MS,USA,42.195831,-70.726387
Wareham, MA, USA,41.761452,-70.719734
Marshfield, MA, USA,42.091743,-70.705589
Gloucester, MA, USA,42.615929,-70.661987
Rangeley, ME, USA,44.965683,-70.642708
Rockport, MA, USA,42.655651,-70.620361
Falmouth, MA, USA,41.553223,-70.608589
Vineyard Haven, MA, USA,41.454281,-70.603638
Wells, ME, USA,43.322231,-70.580521
Standish, ME, USA,43.735592,-70.550934
Norway, ME, USA,44.214241,-70.543007
Buxton, ME, USA,43.63797,-70.51931
Arundel, ME, USA,43.424301,-70.51416
Mashpee, MA, USA,41.647873,-70.481964
Kennebunkport, ME,USA,43.361668,-70.476669
Gorham, ME, USA,43.679531,-70.444221
Saco, ME, USA,43.500919,-70.442825
Weld, ME, USA,44.698669,-70.421455
Peru, ME, USA,44.506546,-70.406281
Old Orchard Beach, ME, USA,43.514805,-70.380875
Falmouth, ME, USA,43.743534,-70.260178
Cumberland, ME, USA,43.796574,-70.258522
Cape Elizabeth, ME, USA,43.563698,-70.20005
Yarmouth, ME, USA,43.800358,-70.186821
Orleans, MA, USA,41.788322,-69.991249
Litchfield, ME, USA,44.174072,-69.933563
Woolwich, ME, USA,43.918705,-69.800957
Oakland, ME, USA,44.540222,-69.721992
Waterville, ME, USA,44.55201,-69.631714
Damariscotta, ME, USA,44.032879,-69.51889
Liberty, ME, USA,44.38937,-69.30265
Cushing, ME, USA,44.013779,-69.261452
Lincolnville, ME, USA,44.281197,-69.008705
Orono, ME, USA,44.883427,-68.670815
Ellsworth, ME, USA,44.543411,-68.419464
Caribou, ME, USA,46.861599,-68.002495
